scope,year,db_access,db_participation,db_takeup,dc_access,dc_participation,dc_takeup,any_access,any_participation,any_takeup,source
EBS private medium & large establishments,1980,,84.0,,,,,,,,"BLS EB database (download.bls.gov/pub/time.series/eb/), series EBU{DBINC000000|DCINC000000|ALLRET00000}{ML|SM|SL|AP}"
EBS private medium & large establishments,1981,,84.0,,,,,,,,"BLS EB database (download.bls.gov/pub/time.series/eb/), series EBU{DBINC000000|DCINC000000|ALLRET00000}{ML|SM|SL|AP}"
EBS private medium & large establishments,1982,,84.0,,,,,,,,"BLS EB database (download.bls.gov/pub/time.series/eb/), series EBU{DBINC000000|DCINC000000|ALLRET00000}{ML|SM|SL|AP}"
EBS private medium & large establishments,1983,,82.0,,,,,,,,"BLS EB database (download.bls.gov/pub/time.series/eb/), series EBU{DBINC000000|DCINC000000|ALLRET00000}{ML|SM|SL|AP}"
EBS private medium & large establishments,1984,,82.0,,,,,,,,"BLS EB database (download.bls.gov/pub/time.series/eb/), series EBU{DBINC000000|DCINC000000|ALLRET00000}{ML|SM|SL|AP}"
EBS private medium & large establishments,1985,,80.0,,,53.0,,,91.0,,"BLS EB database (download.bls.gov/pub/time.series/eb/), series EBU{DBINC000000|DCINC000000|ALLRET00000}{ML|SM|SL|AP}"
EBS private medium & large establishments,1986,,76.0,,,60.0,,,89.0,,"BLS EB database (download.bls.gov/pub/time.series/eb/), series EBU{DBINC000000|DCINC000000|ALLRET00000}{ML|SM|SL|AP}"
EBS private medium & large establishments,1988,,63.0,,,45.0,,,80.0,,"BLS EB database (download.bls.gov/pub/time.series/eb/), series EBU{DBINC000000|DCINC000000|ALLRET00000}{ML|SM|SL|AP}"
EBS private medium & large establishments,1989,,63.0,,,48.0,,,81.0,,"BLS EB database (download.bls.gov/pub/time.series/eb/), series EBU{DBINC000000|DCINC000000|ALLRET00000}{ML|SM|SL|AP}"
EBS private medium & large establishments,1991,,59.0,,,48.0,,,78.0,,"BLS EB database (download.bls.gov/pub/time.series/eb/), series EBU{DBINC000000|DCINC000000|ALLRET00000}{ML|SM|SL|AP}"
EBS private medium & large establishments,1993,,56.0,,,49.0,,,78.0,,"BLS EB database (download.bls.gov/pub/time.series/eb/), series EBU{DBINC000000|DCINC000000|ALLRET00000}{ML|SM|SL|AP}"
EBS private medium & large establishments,1995,,52.0,,,55.0,,,80.0,,"BLS EB database (download.bls.gov/pub/time.series/eb/), series EBU{DBINC000000|DCINC000000|ALLRET00000}{ML|SM|SL|AP}"
EBS private medium & large establishments,1997,,50.0,,,57.0,,,79.0,,"BLS EB database (download.bls.gov/pub/time.series/eb/), series EBU{DBINC000000|DCINC000000|ALLRET00000}{ML|SM|SL|AP}"
EBS private small establishments (<100),1990,,20.0,,,31.0,,,42.0,,"BLS EB database (download.bls.gov/pub/time.series/eb/), series EBU{DBINC000000|DCINC000000|ALLRET00000}{ML|SM|SL|AP}"
EBS private small establishments (<100),1992,,22.0,,,33.0,,,45.0,,"BLS EB database (download.bls.gov/pub/time.series/eb/), series EBU{DBINC000000|DCINC000000|ALLRET00000}{ML|SM|SL|AP}"
EBS private small establishments (<100),1994,,,,,34.0,,,42.0,,"BLS EB database (download.bls.gov/pub/time.series/eb/), series EBU{DBINC000000|DCINC000000|ALLRET00000}{ML|SM|SL|AP}"
EBS private small establishments (<100),1996,,15.0,,,38.0,,,46.0,,"BLS EB database (download.bls.gov/pub/time.series/eb/), series EBU{DBINC000000|DCINC000000|ALLRET00000}{ML|SM|SL|AP}"
EBS state & local government,1987,,93.0,,,9.0,,,98.0,,"BLS EB database (download.bls.gov/pub/time.series/eb/), series EBU{DBINC000000|DCINC000000|ALLRET00000}{ML|SM|SL|AP}"
EBS state & local government,1990,,90.0,,,9.0,,,96.0,,"BLS EB database (download.bls.gov/pub/time.series/eb/), series EBU{DBINC000000|DCINC000000|ALLRET00000}{ML|SM|SL|AP}"
EBS state & local government,1992,,87.0,,,9.0,,,93.0,,"BLS EB database (download.bls.gov/pub/time.series/eb/), series EBU{DBINC000000|DCINC000000|ALLRET00000}{ML|SM|SL|AP}"
EBS state & local government,1994,,91.0,,,9.0,,,96.0,,"BLS EB database (download.bls.gov/pub/time.series/eb/), series EBU{DBINC000000|DCINC000000|ALLRET00000}{ML|SM|SL|AP}"
EBS state & local government,1998,,90.0,,,14.0,,,98.0,,"BLS EB database (download.bls.gov/pub/time.series/eb/), series EBU{DBINC000000|DCINC000000|ALLRET00000}{ML|SM|SL|AP}"
NCS civilian,2010,31.0,28.0,92.0,54.0,37.0,69.0,69.0,55.0,80.0,"BLS NB database (download.bls.gov/pub/time.series/nb/), March reference; see raw/bls_nb_selected_series.csv for series ids"
NCS civilian,2011,30.0,28.0,92.0,54.0,37.0,69.0,68.0,55.0,80.0,"BLS NB database (download.bls.gov/pub/time.series/nb/), March reference; see raw/bls_nb_selected_series.csv for series ids"
NCS civilian,2012,29.0,26.0,91.0,55.0,37.0,68.0,68.0,54.0,79.0,"BLS NB database (download.bls.gov/pub/time.series/nb/), March reference; see raw/bls_nb_selected_series.csv for series ids"
NCS civilian,2013,28.0,26.0,91.0,55.0,38.0,70.0,68.0,54.0,80.0,"BLS NB database (download.bls.gov/pub/time.series/nb/), March reference; see raw/bls_nb_selected_series.csv for series ids"
NCS civilian,2014,28.0,25.0,88.0,56.0,39.0,69.0,68.0,54.0,79.0,"BLS NB database (download.bls.gov/pub/time.series/nb/), March reference; see raw/bls_nb_selected_series.csv for series ids"
NCS civilian,2015,28.0,24.0,86.0,57.0,40.0,70.0,69.0,54.0,78.0,"BLS NB database (download.bls.gov/pub/time.series/nb/), March reference; see raw/bls_nb_selected_series.csv for series ids"
NCS civilian,2016,27.0,23.0,85.0,58.0,41.0,71.0,69.0,55.0,79.0,"BLS NB database (download.bls.gov/pub/time.series/nb/), March reference; see raw/bls_nb_selected_series.csv for series ids"
NCS civilian,2017,28.0,23.0,84.0,59.0,41.0,70.0,70.0,55.0,79.0,"BLS NB database (download.bls.gov/pub/time.series/nb/), March reference; see raw/bls_nb_selected_series.csv for series ids"
NCS civilian,2018,26.0,22.0,83.0,60.0,42.0,71.0,71.0,55.0,78.0,"BLS NB database (download.bls.gov/pub/time.series/nb/), March reference; see raw/bls_nb_selected_series.csv for series ids"
NCS civilian,2019,26.0,21.0,82.0,60.0,43.0,72.0,71.0,56.0,79.0,"BLS NB database (download.bls.gov/pub/time.series/nb/), March reference; see raw/bls_nb_selected_series.csv for series ids"
NCS civilian,2020,25.0,20.0,81.0,60.0,43.0,71.0,71.0,55.0,78.0,"BLS NB database (download.bls.gov/pub/time.series/nb/), March reference; see raw/bls_nb_selected_series.csv for series ids"
NCS civilian,2021,25.0,20.0,80.0,61.0,43.0,71.0,72.0,56.0,78.0,"BLS NB database (download.bls.gov/pub/time.series/nb/), March reference; see raw/bls_nb_selected_series.csv for series ids"
NCS civilian,2022,25.0,20.0,80.0,62.0,44.0,71.0,72.0,56.0,77.0,"BLS NB database (download.bls.gov/pub/time.series/nb/), March reference; see raw/bls_nb_selected_series.csv for series ids"
NCS civilian,2023,24.0,19.0,80.0,63.0,45.0,71.0,73.0,56.0,77.0,"BLS NB database (download.bls.gov/pub/time.series/nb/), March reference; see raw/bls_nb_selected_series.csv for series ids"
NCS civilian,2024,24.0,19.0,78.0,66.0,46.0,70.0,75.0,57.0,76.0,"BLS NB database (download.bls.gov/pub/time.series/nb/), March reference; see raw/bls_nb_selected_series.csv for series ids"
NCS civilian,2025,24.0,18.0,77.0,65.0,45.0,69.0,75.0,56.0,75.0,"BLS NB database (download.bls.gov/pub/time.series/nb/), March reference; see raw/bls_nb_selected_series.csv for series ids"
NCS civilian,2026,24.0,18.0,77.0,65.0,45.0,69.0,75.0,56.0,75.0,"BLS NB database (download.bls.gov/pub/time.series/nb/), March reference; see raw/bls_nb_selected_series.csv for series ids"
NCS private industry,2010,20.0,19.0,91.0,59.0,41.0,70.0,65.0,50.0,76.0,"BLS NB database (download.bls.gov/pub/time.series/nb/), March reference; see raw/bls_nb_selected_series.csv for series ids"
NCS private industry,2011,20.0,18.0,91.0,58.0,41.0,70.0,64.0,49.0,76.0,"BLS NB database (download.bls.gov/pub/time.series/nb/), March reference; see raw/bls_nb_selected_series.csv for series ids"
NCS private industry,2012,19.0,17.0,89.0,59.0,41.0,70.0,65.0,48.0,75.0,"BLS NB database (download.bls.gov/pub/time.series/nb/), March reference; see raw/bls_nb_selected_series.csv for series ids"
NCS private industry,2013,19.0,16.0,88.0,59.0,42.0,72.0,64.0,49.0,76.0,"BLS NB database (download.bls.gov/pub/time.series/nb/), March reference; see raw/bls_nb_selected_series.csv for series ids"
NCS private industry,2014,19.0,16.0,87.0,60.0,43.0,71.0,65.0,49.0,76.0,"BLS NB database (download.bls.gov/pub/time.series/nb/), March reference; see raw/bls_nb_selected_series.csv for series ids"
NCS private industry,2015,18.0,16.0,84.0,61.0,44.0,72.0,66.0,50.0,75.0,"BLS NB database (download.bls.gov/pub/time.series/nb/), March reference; see raw/bls_nb_selected_series.csv for series ids"
NCS private industry,2016,18.0,15.0,83.0,62.0,45.0,73.0,66.0,50.0,76.0,"BLS NB database (download.bls.gov/pub/time.series/nb/), March reference; see raw/bls_nb_selected_series.csv for series ids"
NCS private industry,2017,18.0,15.0,81.0,62.0,45.0,73.0,66.0,51.0,76.0,"BLS NB database (download.bls.gov/pub/time.series/nb/), March reference; see raw/bls_nb_selected_series.csv for series ids"
NCS private industry,2018,17.0,13.0,78.0,64.0,47.0,73.0,68.0,51.0,76.0,"BLS NB database (download.bls.gov/pub/time.series/nb/), March reference; see raw/bls_nb_selected_series.csv for series ids"
NCS private industry,2019,16.0,12.0,76.0,64.0,47.0,74.0,67.0,52.0,77.0,"BLS NB database (download.bls.gov/pub/time.series/nb/), March reference; see raw/bls_nb_selected_series.csv for series ids"
NCS private industry,2020,15.0,11.0,74.0,64.0,47.0,74.0,67.0,51.0,76.0,"BLS NB database (download.bls.gov/pub/time.series/nb/), March reference; see raw/bls_nb_selected_series.csv for series ids"
NCS private industry,2021,15.0,11.0,74.0,65.0,47.0,73.0,68.0,51.0,75.0,"BLS NB database (download.bls.gov/pub/time.series/nb/), March reference; see raw/bls_nb_selected_series.csv for series ids"
NCS private industry,2022,15.0,11.0,74.0,66.0,48.0,73.0,69.0,52.0,75.0,"BLS NB database (download.bls.gov/pub/time.series/nb/), March reference; see raw/bls_nb_selected_series.csv for series ids"
NCS private industry,2023,15.0,11.0,74.0,67.0,49.0,73.0,70.0,53.0,75.0,"BLS NB database (download.bls.gov/pub/time.series/nb/), March reference; see raw/bls_nb_selected_series.csv for series ids"
NCS private industry,2024,15.0,10.0,70.0,70.0,50.0,71.0,72.0,53.0,73.0,"BLS NB database (download.bls.gov/pub/time.series/nb/), March reference; see raw/bls_nb_selected_series.csv for series ids"
NCS private industry,2025,14.0,9.0,67.0,70.0,50.0,71.0,72.0,53.0,73.0,"BLS NB database (download.bls.gov/pub/time.series/nb/), March reference; see raw/bls_nb_selected_series.csv for series ids"
NCS private industry,2026,14.0,9.0,68.0,70.0,49.0,70.0,72.0,52.0,72.0,"BLS NB database (download.bls.gov/pub/time.series/nb/), March reference; see raw/bls_nb_selected_series.csv for series ids"
NCS state & local government,2010,84.0,79.0,94.0,29.0,17.0,57.0,90.0,85.0,95.0,"BLS NB database (download.bls.gov/pub/time.series/nb/), March reference; see raw/bls_nb_selected_series.csv for series ids"
NCS state & local government,2011,84.0,78.0,94.0,30.0,17.0,56.0,90.0,85.0,95.0,"BLS NB database (download.bls.gov/pub/time.series/nb/), March reference; see raw/bls_nb_selected_series.csv for series ids"
NCS state & local government,2012,83.0,78.0,94.0,31.0,15.0,48.0,89.0,84.0,95.0,"BLS NB database (download.bls.gov/pub/time.series/nb/), March reference; see raw/bls_nb_selected_series.csv for series ids"
NCS state & local government,2013,83.0,78.0,94.0,32.0,15.0,48.0,89.0,85.0,95.0,"BLS NB database (download.bls.gov/pub/time.series/nb/), March reference; see raw/bls_nb_selected_series.csv for series ids"
NCS state & local government,2014,83.0,75.0,89.0,33.0,16.0,48.0,89.0,81.0,91.0,"BLS NB database (download.bls.gov/pub/time.series/nb/), March reference; see raw/bls_nb_selected_series.csv for series ids"
NCS state & local government,2015,84.0,75.0,89.0,33.0,15.0,45.0,90.0,81.0,90.0,"BLS NB database (download.bls.gov/pub/time.series/nb/), March reference; see raw/bls_nb_selected_series.csv for series ids"
NCS state & local government,2016,85.0,75.0,88.0,33.0,15.0,46.0,90.0,81.0,90.0,"BLS NB database (download.bls.gov/pub/time.series/nb/), March reference; see raw/bls_nb_selected_series.csv for series ids"
NCS state & local government,2017,86.0,76.0,89.0,37.0,16.0,44.0,91.0,82.0,90.0,"BLS NB database (download.bls.gov/pub/time.series/nb/), March reference; see raw/bls_nb_selected_series.csv for series ids"
NCS state & local government,2018,86.0,77.0,89.0,37.0,17.0,45.0,91.0,83.0,90.0,"BLS NB database (download.bls.gov/pub/time.series/nb/), March reference; see raw/bls_nb_selected_series.csv for series ids"
NCS state & local government,2019,86.0,76.0,89.0,37.0,17.0,47.0,91.0,83.0,91.0,"BLS NB database (download.bls.gov/pub/time.series/nb/), March reference; see raw/bls_nb_selected_series.csv for series ids"
NCS state & local government,2020,86.0,76.0,88.0,37.0,18.0,48.0,91.0,83.0,90.0,"BLS NB database (download.bls.gov/pub/time.series/nb/), March reference; see raw/bls_nb_selected_series.csv for series ids"
NCS state & local government,2021,86.0,75.0,87.0,38.0,18.0,47.0,92.0,82.0,89.0,"BLS NB database (download.bls.gov/pub/time.series/nb/), March reference; see raw/bls_nb_selected_series.csv for series ids"
NCS state & local government,2022,86.0,75.0,87.0,39.0,19.0,49.0,92.0,82.0,90.0,"BLS NB database (download.bls.gov/pub/time.series/nb/), March reference; see raw/bls_nb_selected_series.csv for series ids"
NCS state & local government,2023,86.0,75.0,87.0,39.0,18.0,48.0,91.0,81.0,89.0,"BLS NB database (download.bls.gov/pub/time.series/nb/), March reference; see raw/bls_nb_selected_series.csv for series ids"
NCS state & local government,2024,86.0,75.0,87.0,39.0,20.0,50.0,92.0,82.0,89.0,"BLS NB database (download.bls.gov/pub/time.series/nb/), March reference; see raw/bls_nb_selected_series.csv for series ids"
NCS state & local government,2025,86.0,74.0,86.0,38.0,19.0,50.0,92.0,81.0,88.0,"BLS NB database (download.bls.gov/pub/time.series/nb/), March reference; see raw/bls_nb_selected_series.csv for series ids"
NCS state & local government,2026,86.0,75.0,87.0,39.0,20.0,50.0,92.0,81.0,89.0,"BLS NB database (download.bls.gov/pub/time.series/nb/), March reference; see raw/bls_nb_selected_series.csv for series ids"
NCS/EBS all private industry (1999-2006),1999,,21.0,,,36.0,,,48.0,,"BLS EB database (download.bls.gov/pub/time.series/eb/), series EBU{DBINC000000|DCINC000000|ALLRET00000}{ML|SM|SL|AP}"
NCS/EBS all private industry (1999-2006),2000,,19.0,,,36.0,,,48.0,,"BLS EB database (download.bls.gov/pub/time.series/eb/), series EBU{DBINC000000|DCINC000000|ALLRET00000}{ML|SM|SL|AP}"
NCS/EBS all private industry (1999-2006),2003,,20.0,,,40.0,,,49.0,,"BLS EB database (download.bls.gov/pub/time.series/eb/), series EBU{DBINC000000|DCINC000000|ALLRET00000}{ML|SM|SL|AP}"
NCS/EBS all private industry (1999-2006),2004,,21.0,,,42.0,,,50.0,,"BLS EB database (download.bls.gov/pub/time.series/eb/), series EBU{DBINC000000|DCINC000000|ALLRET00000}{ML|SM|SL|AP}"
NCS/EBS all private industry (1999-2006),2005,,21.0,,,42.0,,,50.0,,"BLS EB database (download.bls.gov/pub/time.series/eb/), series EBU{DBINC000000|DCINC000000|ALLRET00000}{ML|SM|SL|AP}"
NCS/EBS all private industry (1999-2006),2006,,20.0,,,43.0,,,51.0,,"BLS EB database (download.bls.gov/pub/time.series/eb/), series EBU{DBINC000000|DCINC000000|ALLRET00000}{ML|SM|SL|AP}"
