year,ws_workers_k,db_only_k,db_only_pct,dc_only_k,dc_only_pct,both_k,both_pct,db_any_pct_computed,dc_any_pct_computed
1980,78349.0,21861.0,28.0,6201.0,8.0,8239.0,11.0,38.42,18.43
1981,80282.0,21458.0,27.0,7214.0,9.0,8585.0,11.0,37.42,19.68
1982,82318.0,18680.0,23.0,8108.0,10.0,10998.0,13.0,36.05,23.21
1983,84410.0,17529.0,21.0,9376.0,11.0,12349.0,15.0,35.4,25.74
1984,86732.0,16357.0,19.0,9877.0,11.0,13716.0,16.0,34.67,27.2
1985,88293.0,14603.0,17.0,11514.0,13.0,14292.0,16.0,32.73,29.23
1986,90267.0,15096.0,17.0,12626.0,14.0,13433.0,15.0,31.61,28.87
1987,91559.0,15592.0,17.0,13396.0,15.0,12835.0,14.0,31.05,28.65
1988,93012.0,14667.0,16.0,14040.0,15.0,13299.0,14.0,30.07,29.39
1989,94448.0,13768.0,15.0,15404.0,16.0,13368.0,14.0,28.73,30.46
1990,94772.0,12273.0,13.0,16023.0,17.0,13932.0,15.0,27.65,31.61
1991,94959.0,12233.0,13.0,17024.0,18.0,13370.0,14.0,26.96,32.01
1992,96577.0,11557.0,12.0,19340.0,20.0,13665.0,14.0,26.12,34.17
1993,97749.0,10449.0,11.0,19632.0,20.0,14537.0,15.0,25.56,34.96
1994,101077.0,9929.0,10.0,20781.0,21.0,14551.0,14.0,24.22,34.96
1995,102162.0,8978.0,9.0,22734.0,22.0,14417.0,14.0,22.9,36.36
1996,104313.0,7830.0,8.0,23954.0,23.0,15303.0,15.0,22.18,37.63
1997,106955.0,6768.0,6.0,26785.0,25.0,15851.0,15.0,21.15,39.86
1998,108340.0,7061.0,7.0,28839.0,27.0,15802.0,15.0,21.1,41.2
1999,110131.0,7215.0,7.0,31464.0,29.0,15414.0,14.0,20.55,42.57
