year,plans_pct_hard_frozen,plans_pct_accruals_continue_closed,plans_pct_partial_freeze_closed,plans_pct_partial_freeze_open,plans_pct_any_freeze,plans_pct_no_freeze,plans_total,actives_pct_hard_frozen,actives_pct_partial_freeze_closed,actives_pct_partial_freeze_open,actives_pct_frozen_subtotal,actives_pct_no_freeze_closed,actives_pct_no_freeze_open,actives_pct_no_freeze_subtotal,actives_pct_closed_or_frozen,actives_total_k
2008,21.03,3.65,1.99,1.25,27.91,72.09,28876.0,8.3,5.65,3.6,17.55,9.37,73.08,82.45,26.92,14485.0
2009,25.7,4.17,2.36,1.4,33.62,66.38,27797.0,10.4,5.4,3.43,19.23,9.98,70.78,80.77,29.22,13633.0
2010,29.28,4.44,2.56,1.55,37.82,62.18,26377.0,12.69,7.12,4.07,23.87,10.46,65.67,76.13,34.33,13618.0
2011,30.22,5.32,2.89,1.48,39.91,60.09,25607.0,12.15,8.24,4.64,25.02,11.47,63.52,74.98,36.48,12621.0
2012,30.51,5.71,2.82,1.35,40.39,59.61,24215.0,13.72,8.47,4.7,26.89,12.43,60.69,73.11,39.31,11998.0
2013,29.72,5.77,2.77,1.35,39.62,60.38,23399.0,17.54,9.03,5.9,32.47,12.51,55.02,67.53,44.98,11771.0
2014,27.67,5.47,2.76,1.18,37.08,62.92,22344.0,17.7,9.37,5.71,32.78,11.26,55.96,67.22,44.04,11157.0
2015,26.28,5.38,2.77,1.15,35.59,64.41,22166.0,19.27,10.5,6.03,35.81,11.92,52.27,64.19,47.73,10662.0
2016,25.73,5.04,2.62,1.04,34.44,65.56,22333.0,21.32,9.98,7.31,38.6,11.27,50.12,61.4,49.88,10442.0
2017,24.6,4.91,2.67,1.03,33.21,66.79,22520.0,19.59,11.4,6.55,37.54,10.98,51.47,62.46,48.53,9605.0
2018,24.38,4.77,2.62,1.01,32.78,67.22,23371.0,19.48,10.65,7.72,37.84,11.09,51.07,62.16,48.93,9149.0
2019,24.29,4.47,2.59,0.95,32.3,67.7,23694.0,19.36,10.93,7.69,37.98,12.3,49.73,62.02,50.27,8571.0
2020,23.85,4.38,2.48,0.96,31.67,68.33,23198.0,21.81,9.96,9.87,41.65,10.99,47.36,58.35,52.64,7990.0
2021,25.39,4.46,2.49,0.9,33.25,66.75,23908.0,21.42,10.23,9.82,41.47,12.27,46.26,58.53,53.74,7680.0
2022,23.72,4.41,2.38,0.76,31.26,68.74,23766.0,20.76,10.55,11.68,43.0,11.55,45.45,57.0,54.55,7258.0
