series_id                     	year	period	       value	footnote_codes
NBU21900000000000020887       	2014	A01	       29.00	
NBU21900000000000020887       	2017	A01	       31.00	
NBU21900000000000020887       	2019	A01	       17.00	
NBU21900000000000020888       	2014	A01	       34.00	
NBU21900000000000020888       	2017	A01	       36.00	
NBU21900000000000020888       	2019	A01	       23.00	
NBU21900000000000020888       	2022	A01	          36	
NBU21900000000000020889       	2014	A01	       66.00	
NBU21900000000000020889       	2017	A01	       64.00	
NBU21900000000000020889       	2019	A01	       76.00	
NBU21900000000000020889       	2022	A01	          64	
NBU21900000000000020896       	2014	A01	        5.00	
NBU21900000000000020896       	2017	A01	        5.00	
NBU21900000000000020896       	2019	A01	        6.00	
NBU21900000000000020925       	2017	A01	        1.00	
NBU21900000000000020925       	2019	A01	        1.00	
NBU22000000000000020R08       	2015	A01	       21.00	
NBU22000000000000020R08       	2017	A01	        9.00	
NBU22000000000000020R08       	2019	A01	       13.00	
NBU22000000000000020R08       	2022	A01	           8	
NBU22000000000000020R23       	2017	A01	       29.00	
NBU22000000000000020R23       	2019	A01	       37.00	
NBU22000000000000020R23       	2022	A01	          20	
NBU22000000000000020S14       	2014	A01	       22.00	
NBU22000000000000020S14       	2017	A01	       12.00	
NBU22000000000000020S14       	2019	A01	       14.00	
NBU22000000000000020S14       	2022	A01	          11	
NBU22000000000000020S15       	2014	A01	       41.00	
NBU22000000000000020S15       	2017	A01	       38.00	
NBU22000000000000020S15       	2019	A01	       36.00	
NBU22000000000000020S15       	2022	A01	          43	
NBU22000000000000020S16       	2014	A01	       87.00	
NBU22000000000000020S16       	2017	A01	       86.00	
NBU22000000000000020S16       	2019	A01	       92.00	
NBU22000000000000020S16       	2022	A01	          89	
NBU22000000000000020S17       	2014	A01	       11.00	
NBU22000000000000020S17       	2017	A01	        4.00	
NBU22000000000000020S17       	2019	A01	        7.00	
NBU22000000000000020S17       	2022	A01	           7	
NBU22000000000000020S18       	2014	A01	       12.00	
NBU22000000000000020S18       	2017	A01	       13.00	
NBU22000000000000020S18       	2019	A01	        8.00	
NBU22000000000000020S18       	2022	A01	          11	
