year,elective_deferral_402g,deferral_catchup_50plus,deferral_max_50plus,ira_limit,ira_catchup_50plus,ira_max_50plus,simple_limit,source,note
1989,7627,,,,,,,"IRS Cost-of-Living Adjustments for Retirement Items (prior years), https://www.irs.gov/pub/foia/ig/tege/cola-table-dci005ma4578824.pdf; IRS page https://www.irs.gov/retirement-plans/cola-increases-for-dollar-limitations-on-benefits-and-contributions","IRA limit $2,000 (statutory, not COLA-indexed; shown as ---- in the IRS table), left blank."
1991,8475,,,,,,,"IRS Cost-of-Living Adjustments for Retirement Items (prior years), https://www.irs.gov/pub/foia/ig/tege/cola-table-dci005ma4578824.pdf; IRS page https://www.irs.gov/retirement-plans/cola-increases-for-dollar-limitations-on-benefits-and-contributions","IRA limit $2,000 (statutory, not COLA-indexed; shown as ---- in the IRS table), left blank."
1992,8728,,,,,,,"IRS Cost-of-Living Adjustments for Retirement Items (prior years), https://www.irs.gov/pub/foia/ig/tege/cola-table-dci005ma4578824.pdf; IRS page https://www.irs.gov/retirement-plans/cola-increases-for-dollar-limitations-on-benefits-and-contributions","IRA limit $2,000 (statutory, not COLA-indexed; shown as ---- in the IRS table), left blank."
1993,8994,,,,,,,"IRS Cost-of-Living Adjustments for Retirement Items (prior years), https://www.irs.gov/pub/foia/ig/tege/cola-table-dci005ma4578824.pdf; IRS page https://www.irs.gov/retirement-plans/cola-increases-for-dollar-limitations-on-benefits-and-contributions","IRA limit $2,000 (statutory, not COLA-indexed; shown as ---- in the IRS table), left blank."
1994,9240,,,,,,,"IRS Cost-of-Living Adjustments for Retirement Items (prior years), https://www.irs.gov/pub/foia/ig/tege/cola-table-dci005ma4578824.pdf; IRS page https://www.irs.gov/retirement-plans/cola-increases-for-dollar-limitations-on-benefits-and-contributions","IRA limit $2,000 (statutory, not COLA-indexed; shown as ---- in the IRS table), left blank."
1995,9240,,,,,,,"IRS Cost-of-Living Adjustments for Retirement Items (prior years), https://www.irs.gov/pub/foia/ig/tege/cola-table-dci005ma4578824.pdf; IRS page https://www.irs.gov/retirement-plans/cola-increases-for-dollar-limitations-on-benefits-and-contributions","IRA limit $2,000 (statutory, not COLA-indexed; shown as ---- in the IRS table), left blank."
1996,9500,,,,,,,"IRS Cost-of-Living Adjustments for Retirement Items (prior years), https://www.irs.gov/pub/foia/ig/tege/cola-table-dci005ma4578824.pdf; IRS page https://www.irs.gov/retirement-plans/cola-increases-for-dollar-limitations-on-benefits-and-contributions","IRA limit $2,000 (statutory, not COLA-indexed; shown as ---- in the IRS table), left blank."
1997,9500,,,,,,,"IRS Cost-of-Living Adjustments for Retirement Items (prior years), https://www.irs.gov/pub/foia/ig/tege/cola-table-dci005ma4578824.pdf; IRS page https://www.irs.gov/retirement-plans/cola-increases-for-dollar-limitations-on-benefits-and-contributions","IRA limit $2,000 (statutory, not COLA-indexed; shown as ---- in the IRS table), left blank."
1998,10000,,,,,,,"IRS Cost-of-Living Adjustments for Retirement Items (prior years), https://www.irs.gov/pub/foia/ig/tege/cola-table-dci005ma4578824.pdf; IRS page https://www.irs.gov/retirement-plans/cola-increases-for-dollar-limitations-on-benefits-and-contributions","IRA limit $2,000 (statutory, not COLA-indexed; shown as ---- in the IRS table), left blank."
1999,10000,,,,,,,"IRS Cost-of-Living Adjustments for Retirement Items (prior years), https://www.irs.gov/pub/foia/ig/tege/cola-table-dci005ma4578824.pdf; IRS page https://www.irs.gov/retirement-plans/cola-increases-for-dollar-limitations-on-benefits-and-contributions","IRA limit $2,000 (statutory, not COLA-indexed; shown as ---- in the IRS table), left blank."
2000,10500,,,,,,,"IRS Cost-of-Living Adjustments for Retirement Items (prior years), https://www.irs.gov/pub/foia/ig/tege/cola-table-dci005ma4578824.pdf; IRS page https://www.irs.gov/retirement-plans/cola-increases-for-dollar-limitations-on-benefits-and-contributions","IRA limit $2,000 (statutory, not COLA-indexed; shown as ---- in the IRS table), left blank."
2001,10500,,,,,,,"IRS Cost-of-Living Adjustments for Retirement Items (prior years), https://www.irs.gov/pub/foia/ig/tege/cola-table-dci005ma4578824.pdf; IRS page https://www.irs.gov/retirement-plans/cola-increases-for-dollar-limitations-on-benefits-and-contributions","IRA limit $2,000 (statutory, not COLA-indexed; shown as ---- in the IRS table), left blank."
2002,11000,1000.0,12000.0,3000.0,500.0,3500.0,,"IRS Cost-of-Living Adjustments for Retirement Items (prior years), https://www.irs.gov/pub/foia/ig/tege/cola-table-dci005ma4578824.pdf; IRS page https://www.irs.gov/retirement-plans/cola-increases-for-dollar-limitations-on-benefits-and-contributions",
2003,12000,2000.0,14000.0,3000.0,500.0,3500.0,,"IRS Cost-of-Living Adjustments for Retirement Items (prior years), https://www.irs.gov/pub/foia/ig/tege/cola-table-dci005ma4578824.pdf; IRS page https://www.irs.gov/retirement-plans/cola-increases-for-dollar-limitations-on-benefits-and-contributions",
2004,13000,3000.0,16000.0,3000.0,500.0,3500.0,,"IRS Cost-of-Living Adjustments for Retirement Items (prior years), https://www.irs.gov/pub/foia/ig/tege/cola-table-dci005ma4578824.pdf; IRS page https://www.irs.gov/retirement-plans/cola-increases-for-dollar-limitations-on-benefits-and-contributions",
2005,14000,4000.0,18000.0,4000.0,500.0,4500.0,,"IRS Cost-of-Living Adjustments for Retirement Items (prior years), https://www.irs.gov/pub/foia/ig/tege/cola-table-dci005ma4578824.pdf; IRS page https://www.irs.gov/retirement-plans/cola-increases-for-dollar-limitations-on-benefits-and-contributions",
2006,15000,5000.0,20000.0,4000.0,1000.0,5000.0,,"IRS Cost-of-Living Adjustments for Retirement Items (prior years), https://www.irs.gov/pub/foia/ig/tege/cola-table-dci005ma4578824.pdf; IRS page https://www.irs.gov/retirement-plans/cola-increases-for-dollar-limitations-on-benefits-and-contributions",
2007,15500,5000.0,20500.0,4000.0,1000.0,5000.0,,"IRS Cost-of-Living Adjustments for Retirement Items (prior years), https://www.irs.gov/pub/foia/ig/tege/cola-table-dci005ma4578824.pdf; IRS page https://www.irs.gov/retirement-plans/cola-increases-for-dollar-limitations-on-benefits-and-contributions",
2008,15500,5000.0,20500.0,5000.0,1000.0,6000.0,,"IRS Cost-of-Living Adjustments for Retirement Items (prior years), https://www.irs.gov/pub/foia/ig/tege/cola-table-dci005ma4578824.pdf; IRS page https://www.irs.gov/retirement-plans/cola-increases-for-dollar-limitations-on-benefits-and-contributions",
2009,16500,5500.0,22000.0,5000.0,1000.0,6000.0,,"IRS Cost-of-Living Adjustments for Retirement Items (prior years), https://www.irs.gov/pub/foia/ig/tege/cola-table-dci005ma4578824.pdf; IRS page https://www.irs.gov/retirement-plans/cola-increases-for-dollar-limitations-on-benefits-and-contributions",
2010,16500,5500.0,22000.0,5000.0,1000.0,6000.0,,"IRS Cost-of-Living Adjustments for Retirement Items (prior years), https://www.irs.gov/pub/foia/ig/tege/cola-table-dci005ma4578824.pdf; IRS page https://www.irs.gov/retirement-plans/cola-increases-for-dollar-limitations-on-benefits-and-contributions",
2011,16500,5500.0,22000.0,5000.0,1000.0,6000.0,,"IRS Cost-of-Living Adjustments for Retirement Items (prior years), https://www.irs.gov/pub/foia/ig/tege/cola-table-dci005ma4578824.pdf; IRS page https://www.irs.gov/retirement-plans/cola-increases-for-dollar-limitations-on-benefits-and-contributions",
2012,17000,5500.0,22500.0,5000.0,1000.0,6000.0,,"IRS Cost-of-Living Adjustments for Retirement Items (prior years), https://www.irs.gov/pub/foia/ig/tege/cola-table-dci005ma4578824.pdf; IRS page https://www.irs.gov/retirement-plans/cola-increases-for-dollar-limitations-on-benefits-and-contributions",
2013,17500,5500.0,23000.0,5500.0,1000.0,6500.0,,"IRS Cost-of-Living Adjustments for Retirement Items (prior years), https://www.irs.gov/pub/foia/ig/tege/cola-table-dci005ma4578824.pdf; IRS page https://www.irs.gov/retirement-plans/cola-increases-for-dollar-limitations-on-benefits-and-contributions",
2014,17500,5500.0,23000.0,5500.0,1000.0,6500.0,,"IRS Cost-of-Living Adjustments for Retirement Items (prior years), https://www.irs.gov/pub/foia/ig/tege/cola-table-dci005ma4578824.pdf; IRS page https://www.irs.gov/retirement-plans/cola-increases-for-dollar-limitations-on-benefits-and-contributions",
2015,18000,6000.0,24000.0,5500.0,1000.0,6500.0,12500.0,"IRS Cost-of-Living Adjustments for Retirement Items (prior years), https://www.irs.gov/pub/foia/ig/tege/cola-table-dci005ma4578824.pdf; IRS page https://www.irs.gov/retirement-plans/cola-increases-for-dollar-limitations-on-benefits-and-contributions",
2016,18000,6000.0,24000.0,5500.0,1000.0,6500.0,12500.0,"IRS Cost-of-Living Adjustments for Retirement Items (prior years), https://www.irs.gov/pub/foia/ig/tege/cola-table-dci005ma4578824.pdf; IRS page https://www.irs.gov/retirement-plans/cola-increases-for-dollar-limitations-on-benefits-and-contributions",
2017,18000,6000.0,24000.0,5500.0,1000.0,6500.0,12500.0,"IRS Cost-of-Living Adjustments for Retirement Items (prior years), https://www.irs.gov/pub/foia/ig/tege/cola-table-dci005ma4578824.pdf; IRS page https://www.irs.gov/retirement-plans/cola-increases-for-dollar-limitations-on-benefits-and-contributions",
2018,18500,6000.0,24500.0,5500.0,1000.0,6500.0,12500.0,"IRS Cost-of-Living Adjustments for Retirement Items (prior years), https://www.irs.gov/pub/foia/ig/tege/cola-table-dci005ma4578824.pdf; IRS page https://www.irs.gov/retirement-plans/cola-increases-for-dollar-limitations-on-benefits-and-contributions",
2019,19000,6000.0,25000.0,6000.0,1000.0,7000.0,13000.0,"IRS Cost-of-Living Adjustments for Retirement Items (prior years), https://www.irs.gov/pub/foia/ig/tege/cola-table-dci005ma4578824.pdf; IRS page https://www.irs.gov/retirement-plans/cola-increases-for-dollar-limitations-on-benefits-and-contributions",
2020,19500,6500.0,26000.0,6000.0,1000.0,7000.0,13500.0,"IRS Cost-of-Living Adjustments for Retirement Items (prior years), https://www.irs.gov/pub/foia/ig/tege/cola-table-dci005ma4578824.pdf; IRS page https://www.irs.gov/retirement-plans/cola-increases-for-dollar-limitations-on-benefits-and-contributions",
2021,19500,6500.0,26000.0,6000.0,1000.0,7000.0,13500.0,"IRS Cost-of-Living Adjustments for Retirement Items (prior years), https://www.irs.gov/pub/foia/ig/tege/cola-table-dci005ma4578824.pdf; IRS page https://www.irs.gov/retirement-plans/cola-increases-for-dollar-limitations-on-benefits-and-contributions",
2022,20500,6500.0,27000.0,6000.0,1000.0,7000.0,14000.0,"IRS Cost-of-Living Adjustments for Retirement Items (prior years), https://www.irs.gov/pub/foia/ig/tege/cola-table-dci005ma4578824.pdf; IRS page https://www.irs.gov/retirement-plans/cola-increases-for-dollar-limitations-on-benefits-and-contributions",
2023,22500,7500.0,30000.0,6500.0,1000.0,7500.0,15500.0,"IRS Cost-of-Living Adjustments for Retirement Items (prior years), https://www.irs.gov/pub/foia/ig/tege/cola-table-dci005ma4578824.pdf; IRS page https://www.irs.gov/retirement-plans/cola-increases-for-dollar-limitations-on-benefits-and-contributions",
2024,23000,7500.0,30500.0,7000.0,1000.0,8000.0,16000.0,"IRS Cost-of-Living Adjustments for Retirement Items (prior years), https://www.irs.gov/pub/foia/ig/tege/cola-table-dci005ma4578824.pdf; IRS page https://www.irs.gov/retirement-plans/cola-increases-for-dollar-limitations-on-benefits-and-contributions",
2025,23500,7500.0,31000.0,7000.0,1000.0,8000.0,16500.0,"IRS Cost-of-Living Adjustments for Retirement Items (prior years), https://www.irs.gov/pub/foia/ig/tege/cola-table-dci005ma4578824.pdf; IRS page https://www.irs.gov/retirement-plans/cola-increases-for-dollar-limitations-on-benefits-and-contributions","SECURE 2.0: higher 401(k) catch-up for ages 60-63 from 2025 ($11,250 in 2025-26 per IRS page); not shown."
2026,24500,8000.0,32500.0,7500.0,1100.0,8600.0,17000.0,"IRS COLA increases page (2023-2026 columns), raw/page_cola.html; IRS page https://www.irs.gov/retirement-plans/cola-increases-for-dollar-limitations-on-benefits-and-contributions","SECURE 2.0: higher 401(k) catch-up for ages 60-63 from 2025 ($11,250 in 2025-26 per IRS page); not shown. IRA catch-up indexed from 2024 law; 2026 = $1,100."
