year,box1_wages_k,box1_taxpayers,medicare_wages_k,medicare_taxpayers,wage_earners,wages_box1_k,deferrers,deferrers_medicare_wages_k,deferrals_k,at_max_n,source,roth_deferrals_k,roth_share_of_deferrals_pct,pct_wage_earners_deferring,avg_deferral_dollars,deferral_rate_pct_of_pay_deferrers,deferrals_pct_all_medicare_wages,deferrals_pct_all_box1_wages,pretax_deferrals_k,deferrals_pct_box1_plus_pretax,pct_deferrers_at_max,check_participation_csv_pct,note
2008,5699440841.0,140691543.0,6151200260.0,139103376.0,140691543.0,5699440841.0,48872713.0,3374430810.0,219129487.0,4028045.0,"IRS SOI Form W-2 statistics Tables 1.A, 2.A, 2.F (TY2008), https://www.irs.gov/pub/irs-soi/18inallw2.xls; IRS SOI Form W-2 statistics Table 5.A (TY2008), https://www.irs.gov/pub/irs-soi/18inallw2.xls",2296362.0,1.05,34.74,4484.0,6.49,3.56,3.84,216833125.0,3.7,8.24,34.7,"deferrals_pct_all_medicare_wages = all elective deferrals / box-5 Medicare wages of all W-2 taxpayers on filed returns (box 5 includes pre-tax deferrals). CAUTION: published box-5 totals for TY2008 and TY2012 exceed box 1 by much more than in other years (2012: +$921bn vs +$245-336bn in 2009-2011, 2013-2020), so the Medicare-wage ratio dips in those years; deferrals_pct_box1_plus_pretax (= deferrals / (box-1 wages + pre-tax deferrals)) is the steadier gross-pay denominator. Coverage: filed individual returns only (non-filers excluded). Private and public employers. TY2021+ W-2 tables not posted as of 2026-10-06 (19in/20in only on the SOI W-2 page; 21in03w2all.xlsx returns 404)."
2009,5483878534.0,136603419.0,5646493655.0,135023648.0,136603419.0,5483878534.0,46143187.0,3124216158.0,205708368.0,3870845.0,"IRS SOI Form W-2 statistics Tables 1.A, 2.A, 2.F (TY2009), https://www.irs.gov/pub/irs-soi/18inallw2.xls; IRS SOI Form W-2 statistics Table 5.A (TY2009), https://www.irs.gov/pub/irs-soi/18inallw2.xls",3037146.0,1.48,33.78,4458.0,6.58,3.64,3.75,202671222.0,3.62,8.39,33.8,"deferrals_pct_all_medicare_wages = all elective deferrals / box-5 Medicare wages of all W-2 taxpayers on filed returns (box 5 includes pre-tax deferrals). CAUTION: published box-5 totals for TY2008 and TY2012 exceed box 1 by much more than in other years (2012: +$921bn vs +$245-336bn in 2009-2011, 2013-2020), so the Medicare-wage ratio dips in those years; deferrals_pct_box1_plus_pretax (= deferrals / (box-1 wages + pre-tax deferrals)) is the steadier gross-pay denominator. Coverage: filed individual returns only (non-filers excluded). Private and public employers. TY2021+ W-2 tables not posted as of 2026-10-06 (19in/20in only on the SOI W-2 page; 21in03w2all.xlsx returns 404)."
2010,5588723112.0,136788989.0,5794251977.0,134968580.0,136788989.0,5588723112.0,45782796.0,3206583429.0,209149288.0,4007085.0,"IRS SOI Form W-2 statistics Tables 1.A, 2.A, 2.F (TY2010), https://www.irs.gov/pub/irs-soi/18inallw2.xls; IRS SOI Form W-2 statistics Table 5.A (TY2010), https://www.irs.gov/pub/irs-soi/18inallw2.xls",3972552.0,1.9,33.47,4568.0,6.52,3.61,3.74,205176736.0,3.61,8.75,33.5,"deferrals_pct_all_medicare_wages = all elective deferrals / box-5 Medicare wages of all W-2 taxpayers on filed returns (box 5 includes pre-tax deferrals). CAUTION: published box-5 totals for TY2008 and TY2012 exceed box 1 by much more than in other years (2012: +$921bn vs +$245-336bn in 2009-2011, 2013-2020), so the Medicare-wage ratio dips in those years; deferrals_pct_box1_plus_pretax (= deferrals / (box-1 wages + pre-tax deferrals)) is the steadier gross-pay denominator. Coverage: filed individual returns only (non-filers excluded). Private and public employers. TY2021+ W-2 tables not posted as of 2026-10-06 (19in/20in only on the SOI W-2 page; 21in03w2all.xlsx returns 404)."
2011,5810901897.0,138582323.0,6055538003.0,136767402.0,138582323.0,5810901897.0,46978229.0,3445147843.0,220556205.0,4382850.0,"IRS SOI Form W-2 statistics Tables 1.A, 2.A, 2.F (TY2011), https://www.irs.gov/pub/irs-soi/18inallw2.xls; IRS SOI Form W-2 statistics Table 5.A (TY2011), https://www.irs.gov/pub/irs-soi/18inallw2.xls",6115865.0,2.77,33.9,4695.0,6.4,3.64,3.8,214440340.0,3.66,9.33,33.9,"deferrals_pct_all_medicare_wages = all elective deferrals / box-5 Medicare wages of all W-2 taxpayers on filed returns (box 5 includes pre-tax deferrals). CAUTION: published box-5 totals for TY2008 and TY2012 exceed box 1 by much more than in other years (2012: +$921bn vs +$245-336bn in 2009-2011, 2013-2020), so the Medicare-wage ratio dips in those years; deferrals_pct_box1_plus_pretax (= deferrals / (box-1 wages + pre-tax deferrals)) is the steadier gross-pay denominator. Coverage: filed individual returns only (non-filers excluded). Private and public employers. TY2021+ W-2 tables not posted as of 2026-10-06 (19in/20in only on the SOI W-2 page; 21in03w2all.xlsx returns 404)."
2012,6061680309.0,139546045.0,6982326059.0,137897302.0,139546045.0,6061680309.0,48726737.0,3676627409.0,233909206.0,3842038.0,"IRS SOI Form W-2 statistics Tables 1.A, 2.A, 2.F (TY2012), https://www.irs.gov/pub/irs-soi/18inallw2.xls; IRS SOI Form W-2 statistics Table 5.A (TY2012), https://www.irs.gov/pub/irs-soi/18inallw2.xls",7768447.0,3.32,34.92,4800.0,6.36,3.35,3.86,226140759.0,3.72,7.88,34.9,"deferrals_pct_all_medicare_wages = all elective deferrals / box-5 Medicare wages of all W-2 taxpayers on filed returns (box 5 includes pre-tax deferrals). CAUTION: published box-5 totals for TY2008 and TY2012 exceed box 1 by much more than in other years (2012: +$921bn vs +$245-336bn in 2009-2011, 2013-2020), so the Medicare-wage ratio dips in those years; deferrals_pct_box1_plus_pretax (= deferrals / (box-1 wages + pre-tax deferrals)) is the steadier gross-pay denominator. Coverage: filed individual returns only (non-filers excluded). Private and public employers. TY2021+ W-2 tables not posted as of 2026-10-06 (19in/20in only on the SOI W-2 page; 21in03w2all.xlsx returns 404)."
2013,6224359236.0,141853898.0,6491975025.0,140252061.0,141853898.0,6224359236.0,50203698.0,3776171182.0,243870366.0,3908820.0,"IRS SOI Form W-2 statistics Tables 1.A, 2.A, 2.F (TY2013), https://www.irs.gov/pub/irs-soi/18inallw2.xls; IRS SOI Form W-2 statistics Table 5.A (TY2013), https://www.irs.gov/pub/irs-soi/18inallw2.xls",9241419.0,3.79,35.39,4858.0,6.46,3.76,3.92,234628947.0,3.78,7.79,35.4,"deferrals_pct_all_medicare_wages = all elective deferrals / box-5 Medicare wages of all W-2 taxpayers on filed returns (box 5 includes pre-tax deferrals). CAUTION: published box-5 totals for TY2008 and TY2012 exceed box 1 by much more than in other years (2012: +$921bn vs +$245-336bn in 2009-2011, 2013-2020), so the Medicare-wage ratio dips in those years; deferrals_pct_box1_plus_pretax (= deferrals / (box-1 wages + pre-tax deferrals)) is the steadier gross-pay denominator. Coverage: filed individual returns only (non-filers excluded). Private and public employers. TY2021+ W-2 tables not posted as of 2026-10-06 (19in/20in only on the SOI W-2 page; 21in03w2all.xlsx returns 404)."
2014,6516620413.0,142462598.0,6745302514.0,140951335.0,142462598.0,6516620413.0,52008961.0,4064321613.0,257856530.0,4242321.0,"IRS SOI Form W-2 statistics Tables 1.A, 2.A, 2.F (TY2014), https://www.irs.gov/pub/irs-soi/18inallw2.xls; IRS SOI Form W-2 statistics Table 5.A (TY2014), https://www.irs.gov/pub/irs-soi/18inallw2.xls",11345659.0,4.4,36.51,4958.0,6.34,3.82,3.96,246510871.0,3.81,8.16,36.5,"deferrals_pct_all_medicare_wages = all elective deferrals / box-5 Medicare wages of all W-2 taxpayers on filed returns (box 5 includes pre-tax deferrals). CAUTION: published box-5 totals for TY2008 and TY2012 exceed box 1 by much more than in other years (2012: +$921bn vs +$245-336bn in 2009-2011, 2013-2020), so the Medicare-wage ratio dips in those years; deferrals_pct_box1_plus_pretax (= deferrals / (box-1 wages + pre-tax deferrals)) is the steadier gross-pay denominator. Coverage: filed individual returns only (non-filers excluded). Private and public employers. TY2021+ W-2 tables not posted as of 2026-10-06 (19in/20in only on the SOI W-2 page; 21in03w2all.xlsx returns 404)."
2015,6824317403.0,144055089.0,7074028456.0,142592082.0,144055089.0,6824317403.0,54101786.0,4362765673.0,278703042.0,4422010.0,"IRS SOI Form W-2 statistics Tables 1.A, 2.A, 2.F (TY2015), https://www.irs.gov/pub/irs-soi/18inallw2.xls; IRS SOI Form W-2 statistics Table 5.A (TY2015), https://www.irs.gov/pub/irs-soi/18inallw2.xls",15183406.0,5.45,37.56,5151.0,6.39,3.94,4.08,263519636.0,3.93,8.17,37.6,"deferrals_pct_all_medicare_wages = all elective deferrals / box-5 Medicare wages of all W-2 taxpayers on filed returns (box 5 includes pre-tax deferrals). CAUTION: published box-5 totals for TY2008 and TY2012 exceed box 1 by much more than in other years (2012: +$921bn vs +$245-336bn in 2009-2011, 2013-2020), so the Medicare-wage ratio dips in those years; deferrals_pct_box1_plus_pretax (= deferrals / (box-1 wages + pre-tax deferrals)) is the steadier gross-pay denominator. Coverage: filed individual returns only (non-filers excluded). Private and public employers. TY2021+ W-2 tables not posted as of 2026-10-06 (19in/20in only on the SOI W-2 page; 21in03w2all.xlsx returns 404)."
2016,6950546024.0,144213523.0,7216551233.0,142755252.0,144213523.0,6950546024.0,55897292.0,4537595475.0,290911946.0,4668051.0,"IRS SOI Form W-2 statistics Tables 1.A, 2.A, 2.F (TY2016), https://www.irs.gov/pub/irs-soi/18inallw2.xls; IRS SOI Form W-2 statistics Table 5.A (TY2016), https://www.irs.gov/pub/irs-soi/18inallw2.xls",17337715.0,5.96,38.76,5204.0,6.41,4.03,4.19,273574231.0,4.03,8.35,38.8,"deferrals_pct_all_medicare_wages = all elective deferrals / box-5 Medicare wages of all W-2 taxpayers on filed returns (box 5 includes pre-tax deferrals). CAUTION: published box-5 totals for TY2008 and TY2012 exceed box 1 by much more than in other years (2012: +$921bn vs +$245-336bn in 2009-2011, 2013-2020), so the Medicare-wage ratio dips in those years; deferrals_pct_box1_plus_pretax (= deferrals / (box-1 wages + pre-tax deferrals)) is the steadier gross-pay denominator. Coverage: filed individual returns only (non-filers excluded). Private and public employers. TY2021+ W-2 tables not posted as of 2026-10-06 (19in/20in only on the SOI W-2 page; 21in03w2all.xlsx returns 404)."
2017,7277088018.0,145758391.0,7541018218.0,144353263.0,145758391.0,7277088018.0,58113232.0,4874729965.0,310950313.0,5039915.0,"IRS SOI Form W-2 statistics Tables 1.A, 2.A, 2.F (TY2017), https://www.irs.gov/pub/irs-soi/18inallw2.xls; IRS SOI Form W-2 statistics Table 5.A (TY2017), https://www.irs.gov/pub/irs-soi/18inallw2.xls",20087135.0,6.46,39.87,5351.0,6.38,4.12,4.27,290863178.0,4.11,8.67,39.9,"deferrals_pct_all_medicare_wages = all elective deferrals / box-5 Medicare wages of all W-2 taxpayers on filed returns (box 5 includes pre-tax deferrals). CAUTION: published box-5 totals for TY2008 and TY2012 exceed box 1 by much more than in other years (2012: +$921bn vs +$245-336bn in 2009-2011, 2013-2020), so the Medicare-wage ratio dips in those years; deferrals_pct_box1_plus_pretax (= deferrals / (box-1 wages + pre-tax deferrals)) is the steadier gross-pay denominator. Coverage: filed individual returns only (non-filers excluded). Private and public employers. TY2021+ W-2 tables not posted as of 2026-10-06 (19in/20in only on the SOI W-2 page; 21in03w2all.xlsx returns 404)."
2018,7525414148.0,144631072.0,7841659629.0,143241395.0,144631072.0,7525414148.0,60353306.0,5062371280.0,332519543.0,5137359.0,"IRS SOI Form W-2 statistics Tables 1.A, 2.A, 2.F (TY2018), https://www.irs.gov/pub/irs-soi/18inallw2.xls; IRS SOI Form W-2 statistics Table 5.A (TY2018), https://www.irs.gov/pub/irs-soi/18inallw2.xls",24569126.0,7.39,41.73,5510.0,6.57,4.24,4.42,307950417.0,4.24,8.51,41.7,"deferrals_pct_all_medicare_wages = all elective deferrals / box-5 Medicare wages of all W-2 taxpayers on filed returns (box 5 includes pre-tax deferrals). CAUTION: published box-5 totals for TY2008 and TY2012 exceed box 1 by much more than in other years (2012: +$921bn vs +$245-336bn in 2009-2011, 2013-2020), so the Medicare-wage ratio dips in those years; deferrals_pct_box1_plus_pretax (= deferrals / (box-1 wages + pre-tax deferrals)) is the steadier gross-pay denominator. Coverage: filed individual returns only (non-filers excluded). Private and public employers. TY2021+ W-2 tables not posted as of 2026-10-06 (19in/20in only on the SOI W-2 page; 21in03w2all.xlsx returns 404)."
2019,7849519696.0,147093024.0,8184481804.0,145660389.0,147093024.0,7849519696.0,62038381.0,5378813351.0,352870967.0,4905043.0,"IRS SOI Form W-2 statistics Tables 1.A, 2.A, 2.F (TY2019), https://www.irs.gov/pub/irs-soi/19in02w2all.xlsx and https://www.irs.gov/pub/irs-soi/19in01w2all.xlsx; IRS SOI Form W-2 statistics Table 4.B (TY2019), https://www.irs.gov/pub/irs-soi/19in04w2all.xlsx",30286901.0,8.58,42.18,5688.0,6.56,4.31,4.5,322584066.0,4.32,7.91,42.2,"deferrals_pct_all_medicare_wages = all elective deferrals / box-5 Medicare wages of all W-2 taxpayers on filed returns (box 5 includes pre-tax deferrals). CAUTION: published box-5 totals for TY2008 and TY2012 exceed box 1 by much more than in other years (2012: +$921bn vs +$245-336bn in 2009-2011, 2013-2020), so the Medicare-wage ratio dips in those years; deferrals_pct_box1_plus_pretax (= deferrals / (box-1 wages + pre-tax deferrals)) is the steadier gross-pay denominator. Coverage: filed individual returns only (non-filers excluded). Private and public employers. TY2021+ W-2 tables not posted as of 2026-10-06 (19in/20in only on the SOI W-2 page; 21in03w2all.xlsx returns 404)."
2020,7930348735.0,146152914.0,8393093036.0,144777016.0,146152914.0,7930348735.0,62600867.0,5629335933.0,379243982.0,5293867.0,"IRS SOI Form W-2 statistics Tables 1.A, 2.A, 2.F (TY2020), https://www.irs.gov/pub/irs-soi/20in02w2all.xlsx and https://www.irs.gov/pub/irs-soi/20in01w2all.xlsx; IRS SOI Form W-2 statistics Table 4.B (TY2020), https://www.irs.gov/pub/irs-soi/20in04w2all.xlsx",36363553.0,9.59,42.83,6058.0,6.74,4.52,4.78,342880429.0,4.58,8.46,42.8,"deferrals_pct_all_medicare_wages = all elective deferrals / box-5 Medicare wages of all W-2 taxpayers on filed returns (box 5 includes pre-tax deferrals). CAUTION: published box-5 totals for TY2008 and TY2012 exceed box 1 by much more than in other years (2012: +$921bn vs +$245-336bn in 2009-2011, 2013-2020), so the Medicare-wage ratio dips in those years; deferrals_pct_box1_plus_pretax (= deferrals / (box-1 wages + pre-tax deferrals)) is the steadier gross-pay denominator. Coverage: filed individual returns only (non-filers excluded). Private and public employers. TY2021+ W-2 tables not posted as of 2026-10-06 (19in/20in only on the SOI W-2 page; 21in03w2all.xlsx returns 404)."
