year,wage_size,wage_earners,wages_box1_k,deferrers,deferrers_medicare_wages_k,deferrals_k,source,pct_wage_earners_deferring,avg_deferral_dollars,deferral_rate_pct_of_pay_deferrers,note
2008,"$1 under $5,000",15464256.0,36845042.0,491263.0,2192157.0,878531.0,"IRS SOI Form W-2 statistics Tables 1.B and 2.B (TY2008), https://www.irs.gov/pub/irs-soi/18inallw2.xls",3.18,1788.0,40.08,Size of wage income bins are nominal dollars (box-1 wage income of the taxpayer). Definitions as in w2_deferrals_by_age.csv.
2008,"$1,000,000 under $1,500,000",44201.0,52963933.0,32882.0,39034170.0,536442.0,"IRS SOI Form W-2 statistics Tables 1.B and 2.B (TY2008), https://www.irs.gov/pub/irs-soi/18inallw2.xls",74.39,16314.0,1.37,Size of wage income bins are nominal dollars (box-1 wage income of the taxpayer). Definitions as in w2_deferrals_by_age.csv.
2008,"$1,500,000 under $2,000,000",16890.0,28993397.0,12659.0,21085221.0,203654.0,"IRS SOI Form W-2 statistics Tables 1.B and 2.B (TY2008), https://www.irs.gov/pub/irs-soi/18inallw2.xls",74.95,16088.0,0.97,Size of wage income bins are nominal dollars (box-1 wage income of the taxpayer). Definitions as in w2_deferrals_by_age.csv.
2008,"$10,000 under $15,000",11846686.0,147868131.0,1394389.0,17879104.0,1659529.0,"IRS SOI Form W-2 statistics Tables 1.B and 2.B (TY2008), https://www.irs.gov/pub/irs-soi/18inallw2.xls",11.77,1190.0,9.28,Size of wage income bins are nominal dollars (box-1 wage income of the taxpayer). Definitions as in w2_deferrals_by_age.csv.
2008,"$10,000,000 and over",2582.0,55055742.0,1836.0,29619801.0,29686.0,"IRS SOI Form W-2 statistics Tables 1.B and 2.B (TY2008), https://www.irs.gov/pub/irs-soi/18inallw2.xls",71.11,16169.0,0.1,Size of wage income bins are nominal dollars (box-1 wage income of the taxpayer). Definitions as in w2_deferrals_by_age.csv.
2008,"$100,000 under $200,000",6215299.0,811586666.0,4532942.0,643684073.0,48570681.0,"IRS SOI Form W-2 statistics Tables 1.B and 2.B (TY2008), https://www.irs.gov/pub/irs-soi/18inallw2.xls",72.93,10715.0,7.55,Size of wage income bins are nominal dollars (box-1 wage income of the taxpayer). Definitions as in w2_deferrals_by_age.csv.
2008,"$15,000 under $20,000",11729432.0,205285797.0,2223376.0,40713338.0,2856821.0,"IRS SOI Form W-2 statistics Tables 1.B and 2.B (TY2008), https://www.irs.gov/pub/irs-soi/18inallw2.xls",18.96,1285.0,7.02,Size of wage income bins are nominal dollars (box-1 wage income of the taxpayer). Definitions as in w2_deferrals_by_age.csv.
2008,"$2,000,000 under $5,000,000",22990.0,67837946.0,16708.0,46787301.0,274651.0,"IRS SOI Form W-2 statistics Tables 1.B and 2.B (TY2008), https://www.irs.gov/pub/irs-soi/18inallw2.xls",72.68,16438.0,0.59,Size of wage income bins are nominal dollars (box-1 wage income of the taxpayer). Definitions as in w2_deferrals_by_age.csv.
2008,"$20,000 under $25,000",11409569.0,256559678.0,3124888.0,72714368.0,4681990.0,"IRS SOI Form W-2 statistics Tables 1.B and 2.B (TY2008), https://www.irs.gov/pub/irs-soi/18inallw2.xls",27.39,1498.0,6.44,Size of wage income bins are nominal dollars (box-1 wage income of the taxpayer). Definitions as in w2_deferrals_by_age.csv.
2008,"$200,000 under $500,000",1452785.0,416698599.0,1091009.0,339831868.0,16323666.0,"IRS SOI Form W-2 statistics Tables 1.B and 2.B (TY2008), https://www.irs.gov/pub/irs-soi/18inallw2.xls",75.1,14962.0,4.8,Size of wage income bins are nominal dollars (box-1 wage income of the taxpayer). Definitions as in w2_deferrals_by_age.csv.
2008,"$25,000 under $30,000",10587703.0,290381416.0,3794559.0,111880879.0,7006445.0,"IRS SOI Form W-2 statistics Tables 1.B and 2.B (TY2008), https://www.irs.gov/pub/irs-soi/18inallw2.xls",35.84,1846.0,6.26,Size of wage income bins are nominal dollars (box-1 wage income of the taxpayer). Definitions as in w2_deferrals_by_age.csv.
2008,"$30,000 under $40,000",18457517.0,641996957.0,7888289.0,286120510.0,18332003.0,"IRS SOI Form W-2 statistics Tables 1.B and 2.B (TY2008), https://www.irs.gov/pub/irs-soi/18inallw2.xls",42.74,2324.0,6.41,Size of wage income bins are nominal dollars (box-1 wage income of the taxpayer). Definitions as in w2_deferrals_by_age.csv.
2008,"$40,000 under $50,000",13743028.0,614322784.0,6948869.0,340837284.0,22157264.0,"IRS SOI Form W-2 statistics Tables 1.B and 2.B (TY2008), https://www.irs.gov/pub/irs-soi/18inallw2.xls",50.56,3189.0,6.5,Size of wage income bins are nominal dollars (box-1 wage income of the taxpayer). Definitions as in w2_deferrals_by_age.csv.
2008,"$5,000 under $10,000",13038463.0,96825362.0,796208.0,6772653.0,934758.0,"IRS SOI Form W-2 statistics Tables 1.B and 2.B (TY2008), https://www.irs.gov/pub/irs-soi/18inallw2.xls",6.11,1174.0,13.8,Size of wage income bins are nominal dollars (box-1 wage income of the taxpayer). Definitions as in w2_deferrals_by_age.csv.
2008,"$5,000,000 under $10,000,000",4935.0,33662501.0,3600.0,22022525.0,59203.0,"IRS SOI Form W-2 statistics Tables 1.B and 2.B (TY2008), https://www.irs.gov/pub/irs-soi/18inallw2.xls",72.95,16445.0,0.27,Size of wage income bins are nominal dollars (box-1 wage income of the taxpayer). Definitions as in w2_deferrals_by_age.csv.
2008,"$50,000 under $75,000",18924607.0,1146905847.0,11217467.0,749381640.0,53935908.0,"IRS SOI Form W-2 statistics Tables 1.B and 2.B (TY2008), https://www.irs.gov/pub/irs-soi/18inallw2.xls",59.27,4808.0,7.2,Size of wage income bins are nominal dollars (box-1 wage income of the taxpayer). Definitions as in w2_deferrals_by_age.csv.
2008,"$500,000 under $1,000,000",227969.0,152536080.0,171583.0,118939776.0,2821583.0,"IRS SOI Form W-2 statistics Tables 1.B and 2.B (TY2008), https://www.irs.gov/pub/irs-soi/18inallw2.xls",75.27,16444.0,2.37,Size of wage income bins are nominal dollars (box-1 wage income of the taxpayer). Definitions as in w2_deferrals_by_age.csv.
2008,"$75,000 under $100,000",7502631.0,643114963.0,5130186.0,484934142.0,37866673.0,"IRS SOI Form W-2 statistics Tables 1.B and 2.B (TY2008), https://www.irs.gov/pub/irs-soi/18inallw2.xls",68.38,7381.0,7.81,Size of wage income bins are nominal dollars (box-1 wage income of the taxpayer). Definitions as in w2_deferrals_by_age.csv.
2008,All,140691543.0,5699440841.0,48872713.0,3374430810.0,219129487.0,"IRS SOI Form W-2 statistics Tables 1.B and 2.B (TY2008), https://www.irs.gov/pub/irs-soi/18inallw2.xls",34.74,4484.0,6.49,Size of wage income bins are nominal dollars (box-1 wage income of the taxpayer). Definitions as in w2_deferrals_by_age.csv.
2009,"$1 under $5,000",14816172.0,35345810.0,581852.0,2481116.0,874487.0,"IRS SOI Form W-2 statistics Tables 1.B and 2.B (TY2009), https://www.irs.gov/pub/irs-soi/18inallw2.xls",3.93,1503.0,35.25,Size of wage income bins are nominal dollars (box-1 wage income of the taxpayer). Definitions as in w2_deferrals_by_age.csv.
2009,"$1,000,000 under $1,500,000",35835.0,42667552.0,26589.0,31022163.0,470813.0,"IRS SOI Form W-2 statistics Tables 1.B and 2.B (TY2009), https://www.irs.gov/pub/irs-soi/18inallw2.xls",74.2,17707.0,1.52,Size of wage income bins are nominal dollars (box-1 wage income of the taxpayer). Definitions as in w2_deferrals_by_age.csv.
2009,"$1,500,000 under $2,000,000",13342.0,22893206.0,9490.0,15451080.0,166061.0,"IRS SOI Form W-2 statistics Tables 1.B and 2.B (TY2009), https://www.irs.gov/pub/irs-soi/18inallw2.xls",71.13,17499.0,1.07,Size of wage income bins are nominal dollars (box-1 wage income of the taxpayer). Definitions as in w2_deferrals_by_age.csv.
2009,"$10,000 under $15,000",12013245.0,149739880.0,1328290.0,16916730.0,1454701.0,"IRS SOI Form W-2 statistics Tables 1.B and 2.B (TY2009), https://www.irs.gov/pub/irs-soi/18inallw2.xls",11.06,1095.0,8.6,Size of wage income bins are nominal dollars (box-1 wage income of the taxpayer). Definitions as in w2_deferrals_by_age.csv.
2009,"$10,000,000 and over",1785.0,44151702.0,1213.0,17502843.0,21505.0,"IRS SOI Form W-2 statistics Tables 1.B and 2.B (TY2009), https://www.irs.gov/pub/irs-soi/18inallw2.xls",67.96,17729.0,0.12,Size of wage income bins are nominal dollars (box-1 wage income of the taxpayer). Definitions as in w2_deferrals_by_age.csv.
2009,"$100,000 under $200,000",6217303.0,811392667.0,4520097.0,633398584.0,47993555.0,"IRS SOI Form W-2 statistics Tables 1.B and 2.B (TY2009), https://www.irs.gov/pub/irs-soi/18inallw2.xls",72.7,10618.0,7.58,Size of wage income bins are nominal dollars (box-1 wage income of the taxpayer). Definitions as in w2_deferrals_by_age.csv.
2009,"$15,000 under $20,000",11548474.0,201744997.0,2095504.0,37550192.0,2646904.0,"IRS SOI Form W-2 statistics Tables 1.B and 2.B (TY2009), https://www.irs.gov/pub/irs-soi/18inallw2.xls",18.15,1263.0,7.05,Size of wage income bins are nominal dollars (box-1 wage income of the taxpayer). Definitions as in w2_deferrals_by_age.csv.
2009,"$2,000,000 under $5,000,000",18113.0,55090627.0,12427.0,33974198.0,222590.0,"IRS SOI Form W-2 statistics Tables 1.B and 2.B (TY2009), https://www.irs.gov/pub/irs-soi/18inallw2.xls",68.61,17912.0,0.66,Size of wage income bins are nominal dollars (box-1 wage income of the taxpayer). Definitions as in w2_deferrals_by_age.csv.
2009,"$20,000 under $25,000",10869385.0,244205039.0,2753240.0,63162214.0,4022861.0,"IRS SOI Form W-2 statistics Tables 1.B and 2.B (TY2009), https://www.irs.gov/pub/irs-soi/18inallw2.xls",25.33,1461.0,6.37,Size of wage income bins are nominal dollars (box-1 wage income of the taxpayer). Definitions as in w2_deferrals_by_age.csv.
2009,"$200,000 under $500,000",1383063.0,395692970.0,1022946.0,315690722.0,16206921.0,"IRS SOI Form W-2 statistics Tables 1.B and 2.B (TY2009), https://www.irs.gov/pub/irs-soi/18inallw2.xls",73.96,15843.0,5.13,Size of wage income bins are nominal dollars (box-1 wage income of the taxpayer). Definitions as in w2_deferrals_by_age.csv.
2009,"$25,000 under $30,000",10102113.0,277742504.0,3403426.0,96389109.0,5971177.0,"IRS SOI Form W-2 statistics Tables 1.B and 2.B (TY2009), https://www.irs.gov/pub/irs-soi/18inallw2.xls",33.69,1754.0,6.19,Size of wage income bins are nominal dollars (box-1 wage income of the taxpayer). Definitions as in w2_deferrals_by_age.csv.
2009,"$30,000 under $40,000",17680598.0,614463853.0,7158469.0,258937095.0,16234849.0,"IRS SOI Form W-2 statistics Tables 1.B and 2.B (TY2009), https://www.irs.gov/pub/irs-soi/18inallw2.xls",40.49,2268.0,6.27,Size of wage income bins are nominal dollars (box-1 wage income of the taxpayer). Definitions as in w2_deferrals_by_age.csv.
2009,"$40,000 under $50,000",13154716.0,588107837.0,6473489.0,303930796.0,20205654.0,"IRS SOI Form W-2 statistics Tables 1.B and 2.B (TY2009), https://www.irs.gov/pub/irs-soi/18inallw2.xls",49.21,3121.0,6.65,Size of wage income bins are nominal dollars (box-1 wage income of the taxpayer). Definitions as in w2_deferrals_by_age.csv.
2009,"$5,000 under $10,000",12757338.0,94992615.0,930861.0,7641788.0,915905.0,"IRS SOI Form W-2 statistics Tables 1.B and 2.B (TY2009), https://www.irs.gov/pub/irs-soi/18inallw2.xls",7.3,984.0,11.99,Size of wage income bins are nominal dollars (box-1 wage income of the taxpayer). Definitions as in w2_deferrals_by_age.csv.
2009,"$5,000,000 under $10,000,000",3641.0,24537857.0,2597.0,15423311.0,45295.0,"IRS SOI Form W-2 statistics Tables 1.B and 2.B (TY2009), https://www.irs.gov/pub/irs-soi/18inallw2.xls",71.33,17441.0,0.29,Size of wage income bins are nominal dollars (box-1 wage income of the taxpayer). Definitions as in w2_deferrals_by_age.csv.
2009,"$50,000 under $75,000",18359632.0,1114235712.0,10690919.0,692850009.0,49800766.0,"IRS SOI Form W-2 statistics Tables 1.B and 2.B (TY2009), https://www.irs.gov/pub/irs-soi/18inallw2.xls",58.23,4658.0,7.19,Size of wage income bins are nominal dollars (box-1 wage income of the taxpayer). Definitions as in w2_deferrals_by_age.csv.
2009,"$500,000 under $1,000,000",196514.0,130601572.0,144889.0,100135919.0,2556297.0,"IRS SOI Form W-2 statistics Tables 1.B and 2.B (TY2009), https://www.irs.gov/pub/irs-soi/18inallw2.xls",73.73,17643.0,2.55,Size of wage income bins are nominal dollars (box-1 wage income of the taxpayer). Definitions as in w2_deferrals_by_age.csv.
2009,"$75,000 under $100,000",7432150.0,636272134.0,4986889.0,481758288.0,35898027.0,"IRS SOI Form W-2 statistics Tables 1.B and 2.B (TY2009), https://www.irs.gov/pub/irs-soi/18inallw2.xls",67.1,7198.0,7.45,Size of wage income bins are nominal dollars (box-1 wage income of the taxpayer). Definitions as in w2_deferrals_by_age.csv.
2009,All,136603419.0,5483878534.0,46143187.0,3124216158.0,205708368.0,"IRS SOI Form W-2 statistics Tables 1.B and 2.B (TY2009), https://www.irs.gov/pub/irs-soi/18inallw2.xls",33.78,4458.0,6.58,Size of wage income bins are nominal dollars (box-1 wage income of the taxpayer). Definitions as in w2_deferrals_by_age.csv.
2010,"$1 under $5,000",14787811.0,34896525.0,508131.0,2164862.0,739382.0,"IRS SOI Form W-2 statistics Tables 1.B and 2.B (TY2010), https://www.irs.gov/pub/irs-soi/18inallw2.xls",3.44,1455.0,34.15,Size of wage income bins are nominal dollars (box-1 wage income of the taxpayer). Definitions as in w2_deferrals_by_age.csv.
2010,"$1,000,000 under $1,500,000",42505.0,51072522.0,32006.0,38668198.0,565720.0,"IRS SOI Form W-2 statistics Tables 1.B and 2.B (TY2010), https://www.irs.gov/pub/irs-soi/18inallw2.xls",75.3,17675.0,1.46,Size of wage income bins are nominal dollars (box-1 wage income of the taxpayer). Definitions as in w2_deferrals_by_age.csv.
2010,"$1,500,000 under $2,000,000",16284.0,27995732.0,12066.0,20142517.0,211149.0,"IRS SOI Form W-2 statistics Tables 1.B and 2.B (TY2010), https://www.irs.gov/pub/irs-soi/18inallw2.xls",74.1,17500.0,1.05,Size of wage income bins are nominal dollars (box-1 wage income of the taxpayer). Definitions as in w2_deferrals_by_age.csv.
2010,"$10,000 under $15,000",12071360.0,150328863.0,1299755.0,16898651.0,1321779.0,"IRS SOI Form W-2 statistics Tables 1.B and 2.B (TY2010), https://www.irs.gov/pub/irs-soi/18inallw2.xls",10.77,1017.0,7.82,Size of wage income bins are nominal dollars (box-1 wage income of the taxpayer). Definitions as in w2_deferrals_by_age.csv.
2010,"$10,000,000 and over",2080.0,41696079.0,1408.0,23440829.0,25012.0,"IRS SOI Form W-2 statistics Tables 1.B and 2.B (TY2010), https://www.irs.gov/pub/irs-soi/18inallw2.xls",67.69,17764.0,0.11,Size of wage income bins are nominal dollars (box-1 wage income of the taxpayer). Definitions as in w2_deferrals_by_age.csv.
2010,"$100,000 under $200,000",6427592.0,840570039.0,4660780.0,659056022.0,50430032.0,"IRS SOI Form W-2 statistics Tables 1.B and 2.B (TY2010), https://www.irs.gov/pub/irs-soi/18inallw2.xls",72.51,10820.0,7.65,Size of wage income bins are nominal dollars (box-1 wage income of the taxpayer). Definitions as in w2_deferrals_by_age.csv.
2010,"$15,000 under $20,000",11583754.0,202409367.0,2007212.0,35552594.0,2559476.0,"IRS SOI Form W-2 statistics Tables 1.B and 2.B (TY2010), https://www.irs.gov/pub/irs-soi/18inallw2.xls",17.33,1275.0,7.2,Size of wage income bins are nominal dollars (box-1 wage income of the taxpayer). Definitions as in w2_deferrals_by_age.csv.
2010,"$2,000,000 under $5,000,000",21570.0,63097404.0,15663.0,43469050.0,273525.0,"IRS SOI Form W-2 statistics Tables 1.B and 2.B (TY2010), https://www.irs.gov/pub/irs-soi/18inallw2.xls",72.61,17463.0,0.63,Size of wage income bins are nominal dollars (box-1 wage income of the taxpayer). Definitions as in w2_deferrals_by_age.csv.
2010,"$20,000 under $25,000",10825715.0,243084551.0,2803475.0,64561133.0,4020545.0,"IRS SOI Form W-2 statistics Tables 1.B and 2.B (TY2010), https://www.irs.gov/pub/irs-soi/18inallw2.xls",25.9,1434.0,6.23,Size of wage income bins are nominal dollars (box-1 wage income of the taxpayer). Definitions as in w2_deferrals_by_age.csv.
2010,"$200,000 under $500,000",1477010.0,423710526.0,1100260.0,339843496.0,17507065.0,"IRS SOI Form W-2 statistics Tables 1.B and 2.B (TY2010), https://www.irs.gov/pub/irs-soi/18inallw2.xls",74.49,15912.0,5.15,Size of wage income bins are nominal dollars (box-1 wage income of the taxpayer). Definitions as in w2_deferrals_by_age.csv.
2010,"$25,000 under $30,000",9942357.0,272709099.0,3275260.0,92907003.0,5630018.0,"IRS SOI Form W-2 statistics Tables 1.B and 2.B (TY2010), https://www.irs.gov/pub/irs-soi/18inallw2.xls",32.94,1719.0,6.06,Size of wage income bins are nominal dollars (box-1 wage income of the taxpayer). Definitions as in w2_deferrals_by_age.csv.
2010,"$30,000 under $40,000",17542509.0,610184598.0,7083518.0,266006092.0,16304521.0,"IRS SOI Form W-2 statistics Tables 1.B and 2.B (TY2010), https://www.irs.gov/pub/irs-soi/18inallw2.xls",40.38,2302.0,6.13,Size of wage income bins are nominal dollars (box-1 wage income of the taxpayer). Definitions as in w2_deferrals_by_age.csv.
2010,"$40,000 under $50,000",13105067.0,586799841.0,6364996.0,299477278.0,19423143.0,"IRS SOI Form W-2 statistics Tables 1.B and 2.B (TY2010), https://www.irs.gov/pub/irs-soi/18inallw2.xls",48.57,3052.0,6.49,Size of wage income bins are nominal dollars (box-1 wage income of the taxpayer). Definitions as in w2_deferrals_by_age.csv.
2010,"$5,000 under $10,000",12746412.0,95128262.0,867385.0,7290073.0,881693.0,"IRS SOI Form W-2 statistics Tables 1.B and 2.B (TY2010), https://www.irs.gov/pub/irs-soi/18inallw2.xls",6.8,1016.0,12.09,Size of wage income bins are nominal dollars (box-1 wage income of the taxpayer). Definitions as in w2_deferrals_by_age.csv.
2010,"$5,000,000 under $10,000,000",4535.0,30795984.0,3240.0,20327515.0,56991.0,"IRS SOI Form W-2 statistics Tables 1.B and 2.B (TY2010), https://www.irs.gov/pub/irs-soi/18inallw2.xls",71.44,17590.0,0.28,Size of wage income bins are nominal dollars (box-1 wage income of the taxpayer). Definitions as in w2_deferrals_by_age.csv.
2010,"$50,000 under $75,000",18396322.0,1116256563.0,10522227.0,685123764.0,49541923.0,"IRS SOI Form W-2 statistics Tables 1.B and 2.B (TY2010), https://www.irs.gov/pub/irs-soi/18inallw2.xls",57.2,4708.0,7.23,Size of wage income bins are nominal dollars (box-1 wage income of the taxpayer). Definitions as in w2_deferrals_by_age.csv.
2010,"$500,000 under $1,000,000",221138.0,148498819.0,166335.0,116345027.0,2940969.0,"IRS SOI Form W-2 statistics Tables 1.B and 2.B (TY2010), https://www.irs.gov/pub/irs-soi/18inallw2.xls",75.22,17681.0,2.53,Size of wage income bins are nominal dollars (box-1 wage income of the taxpayer). Definitions as in w2_deferrals_by_age.csv.
2010,"$75,000 under $100,000",7574968.0,649488337.0,5059079.0,475309326.0,36716343.0,"IRS SOI Form W-2 statistics Tables 1.B and 2.B (TY2010), https://www.irs.gov/pub/irs-soi/18inallw2.xls",66.79,7258.0,7.72,Size of wage income bins are nominal dollars (box-1 wage income of the taxpayer). Definitions as in w2_deferrals_by_age.csv.
2010,All,136788989.0,5588723112.0,45782796.0,3206583429.0,209149288.0,"IRS SOI Form W-2 statistics Tables 1.B and 2.B (TY2010), https://www.irs.gov/pub/irs-soi/18inallw2.xls",33.47,4568.0,6.52,Size of wage income bins are nominal dollars (box-1 wage income of the taxpayer). Definitions as in w2_deferrals_by_age.csv.
2011,"$1 under $5,000",14886762.0,35377795.0,512274.0,2463414.0,858542.0,"IRS SOI Form W-2 statistics Tables 1.B and 2.B (TY2011), https://www.irs.gov/pub/irs-soi/18inallw2.xls",3.44,1676.0,34.85,Size of wage income bins are nominal dollars (box-1 wage income of the taxpayer). Definitions as in w2_deferrals_by_age.csv.
2011,"$1,000,000 under $1,500,000",47575.0,57030537.0,36623.0,44002306.0,654886.0,"IRS SOI Form W-2 statistics Tables 1.B and 2.B (TY2011), https://www.irs.gov/pub/irs-soi/18inallw2.xls",76.98,17882.0,1.49,Size of wage income bins are nominal dollars (box-1 wage income of the taxpayer). Definitions as in w2_deferrals_by_age.csv.
2011,"$1,500,000 under $2,000,000",17342.0,29779912.0,13113.0,21908118.0,231883.0,"IRS SOI Form W-2 statistics Tables 1.B and 2.B (TY2011), https://www.irs.gov/pub/irs-soi/18inallw2.xls",75.61,17683.0,1.06,Size of wage income bins are nominal dollars (box-1 wage income of the taxpayer). Definitions as in w2_deferrals_by_age.csv.
2011,"$10,000 under $15,000",12182841.0,151675904.0,1328112.0,16919773.0,1458916.0,"IRS SOI Form W-2 statistics Tables 1.B and 2.B (TY2011), https://www.irs.gov/pub/irs-soi/18inallw2.xls",10.9,1098.0,8.62,Size of wage income bins are nominal dollars (box-1 wage income of the taxpayer). Definitions as in w2_deferrals_by_age.csv.
2011,"$10,000,000 and over",2083.0,40335461.0,1459.0,23409882.0,28300.0,"IRS SOI Form W-2 statistics Tables 1.B and 2.B (TY2011), https://www.irs.gov/pub/irs-soi/18inallw2.xls",70.04,19397.0,0.12,Size of wage income bins are nominal dollars (box-1 wage income of the taxpayer). Definitions as in w2_deferrals_by_age.csv.
2011,"$100,000 under $200,000",7053734.0,925018656.0,5133882.0,732994098.0,55760126.0,"IRS SOI Form W-2 statistics Tables 1.B and 2.B (TY2011), https://www.irs.gov/pub/irs-soi/18inallw2.xls",72.78,10861.0,7.61,Size of wage income bins are nominal dollars (box-1 wage income of the taxpayer). Definitions as in w2_deferrals_by_age.csv.
2011,"$15,000 under $20,000",11527896.0,201422932.0,2010317.0,37802321.0,2567861.0,"IRS SOI Form W-2 statistics Tables 1.B and 2.B (TY2011), https://www.irs.gov/pub/irs-soi/18inallw2.xls",17.44,1277.0,6.79,Size of wage income bins are nominal dollars (box-1 wage income of the taxpayer). Definitions as in w2_deferrals_by_age.csv.
2011,"$2,000,000 under $5,000,000",22823.0,67262487.0,16790.0,47352679.0,298724.0,"IRS SOI Form W-2 statistics Tables 1.B and 2.B (TY2011), https://www.irs.gov/pub/irs-soi/18inallw2.xls",73.57,17792.0,0.63,Size of wage income bins are nominal dollars (box-1 wage income of the taxpayer). Definitions as in w2_deferrals_by_age.csv.
2011,"$20,000 under $25,000",10813221.0,242942638.0,2764506.0,62206165.0,3984165.0,"IRS SOI Form W-2 statistics Tables 1.B and 2.B (TY2011), https://www.irs.gov/pub/irs-soi/18inallw2.xls",25.57,1441.0,6.4,Size of wage income bins are nominal dollars (box-1 wage income of the taxpayer). Definitions as in w2_deferrals_by_age.csv.
2011,"$200,000 under $500,000",1627997.0,467137897.0,1240894.0,432123170.0,19909109.0,"IRS SOI Form W-2 statistics Tables 1.B and 2.B (TY2011), https://www.irs.gov/pub/irs-soi/18inallw2.xls",76.22,16044.0,4.61,Size of wage income bins are nominal dollars (box-1 wage income of the taxpayer). Definitions as in w2_deferrals_by_age.csv.
2011,"$25,000 under $30,000",10089420.0,276862166.0,3307623.0,95543583.0,5594950.0,"IRS SOI Form W-2 statistics Tables 1.B and 2.B (TY2011), https://www.irs.gov/pub/irs-soi/18inallw2.xls",32.78,1692.0,5.86,Size of wage income bins are nominal dollars (box-1 wage income of the taxpayer). Definitions as in w2_deferrals_by_age.csv.
2011,"$30,000 under $40,000",17447549.0,606605677.0,7081089.0,262695370.0,15940707.0,"IRS SOI Form W-2 statistics Tables 1.B and 2.B (TY2011), https://www.irs.gov/pub/irs-soi/18inallw2.xls",40.59,2251.0,6.07,Size of wage income bins are nominal dollars (box-1 wage income of the taxpayer). Definitions as in w2_deferrals_by_age.csv.
2011,"$40,000 under $50,000",13153679.0,587847160.0,6359440.0,300717321.0,19530989.0,"IRS SOI Form W-2 statistics Tables 1.B and 2.B (TY2011), https://www.irs.gov/pub/irs-soi/18inallw2.xls",48.35,3071.0,6.49,Size of wage income bins are nominal dollars (box-1 wage income of the taxpayer). Definitions as in w2_deferrals_by_age.csv.
2011,"$5,000 under $10,000",12683868.0,94564261.0,858169.0,7580522.0,900175.0,"IRS SOI Form W-2 statistics Tables 1.B and 2.B (TY2011), https://www.irs.gov/pub/irs-soi/18inallw2.xls",6.77,1049.0,11.87,Size of wage income bins are nominal dollars (box-1 wage income of the taxpayer). Definitions as in w2_deferrals_by_age.csv.
2011,"$5,000,000 under $10,000,000",4875.0,33102836.0,3482.0,21529918.0,69229.0,"IRS SOI Form W-2 statistics Tables 1.B and 2.B (TY2011), https://www.irs.gov/pub/irs-soi/18inallw2.xls",71.43,19882.0,0.32,Size of wage income bins are nominal dollars (box-1 wage income of the taxpayer). Definitions as in w2_deferrals_by_age.csv.
2011,"$50,000 under $75,000",18748883.0,1137578412.0,10810953.0,706068571.0,50387141.0,"IRS SOI Form W-2 statistics Tables 1.B and 2.B (TY2011), https://www.irs.gov/pub/irs-soi/18inallw2.xls",57.66,4661.0,7.14,Size of wage income bins are nominal dollars (box-1 wage income of the taxpayer). Definitions as in w2_deferrals_by_age.csv.
2011,"$500,000 under $1,000,000",254696.0,169651569.0,198683.0,137849421.0,3551432.0,"IRS SOI Form W-2 statistics Tables 1.B and 2.B (TY2011), https://www.irs.gov/pub/irs-soi/18inallw2.xls",78.01,17875.0,2.58,Size of wage income bins are nominal dollars (box-1 wage income of the taxpayer). Definitions as in w2_deferrals_by_age.csv.
2011,"$75,000 under $100,000",8017079.0,686705596.0,5300820.0,491981210.0,38829070.0,"IRS SOI Form W-2 statistics Tables 1.B and 2.B (TY2011), https://www.irs.gov/pub/irs-soi/18inallw2.xls",66.12,7325.0,7.89,Size of wage income bins are nominal dollars (box-1 wage income of the taxpayer). Definitions as in w2_deferrals_by_age.csv.
2011,All,138582323.0,5810901897.0,46978229.0,3445147843.0,220556205.0,"IRS SOI Form W-2 statistics Tables 1.B and 2.B (TY2011), https://www.irs.gov/pub/irs-soi/18inallw2.xls",33.9,4695.0,6.4,Size of wage income bins are nominal dollars (box-1 wage income of the taxpayer). Definitions as in w2_deferrals_by_age.csv.
2012,"$1 under $5,000",14531464.0,34538469.0,527646.0,2735073.0,807051.0,"IRS SOI Form W-2 statistics Tables 1.B and 2.B (TY2012), https://www.irs.gov/pub/irs-soi/18inallw2.xls",3.63,1530.0,29.51,Size of wage income bins are nominal dollars (box-1 wage income of the taxpayer). Definitions as in w2_deferrals_by_age.csv.
2012,"$1,000,000 under $1,500,000",55514.0,66586309.0,43535.0,53206916.0,840403.0,"IRS SOI Form W-2 statistics Tables 1.B and 2.B (TY2012), https://www.irs.gov/pub/irs-soi/18inallw2.xls",78.42,19304.0,1.58,Size of wage income bins are nominal dollars (box-1 wage income of the taxpayer). Definitions as in w2_deferrals_by_age.csv.
2012,"$1,500,000 under $2,000,000",20393.0,35033010.0,16107.0,27415884.0,296936.0,"IRS SOI Form W-2 statistics Tables 1.B and 2.B (TY2012), https://www.irs.gov/pub/irs-soi/18inallw2.xls",78.98,18435.0,1.08,Size of wage income bins are nominal dollars (box-1 wage income of the taxpayer). Definitions as in w2_deferrals_by_age.csv.
2012,"$10,000 under $15,000",11995924.0,149754346.0,1370574.0,18211611.0,1601935.0,"IRS SOI Form W-2 statistics Tables 1.B and 2.B (TY2012), https://www.irs.gov/pub/irs-soi/18inallw2.xls",11.43,1169.0,8.8,Size of wage income bins are nominal dollars (box-1 wage income of the taxpayer). Definitions as in w2_deferrals_by_age.csv.
2012,"$10,000,000 and over",2883.0,65372385.0,2063.0,40317724.0,38762.0,"IRS SOI Form W-2 statistics Tables 1.B and 2.B (TY2012), https://www.irs.gov/pub/irs-soi/18inallw2.xls",71.56,18789.0,0.1,Size of wage income bins are nominal dollars (box-1 wage income of the taxpayer). Definitions as in w2_deferrals_by_age.csv.
2012,"$100,000 under $200,000",7476645.0,980469421.0,5456717.0,789567784.0,60227220.0,"IRS SOI Form W-2 statistics Tables 1.B and 2.B (TY2012), https://www.irs.gov/pub/irs-soi/18inallw2.xls",72.98,11037.0,7.63,Size of wage income bins are nominal dollars (box-1 wage income of the taxpayer). Definitions as in w2_deferrals_by_age.csv.
2012,"$15,000 under $20,000",11510732.0,201288617.0,2089167.0,36782009.0,2667064.0,"IRS SOI Form W-2 statistics Tables 1.B and 2.B (TY2012), https://www.irs.gov/pub/irs-soi/18inallw2.xls",18.15,1277.0,7.25,Size of wage income bins are nominal dollars (box-1 wage income of the taxpayer). Definitions as in w2_deferrals_by_age.csv.
2012,"$2,000,000 under $5,000,000",27231.0,80121066.0,20440.0,57565952.0,379150.0,"IRS SOI Form W-2 statistics Tables 1.B and 2.B (TY2012), https://www.irs.gov/pub/irs-soi/18inallw2.xls",75.06,18549.0,0.66,Size of wage income bins are nominal dollars (box-1 wage income of the taxpayer). Definitions as in w2_deferrals_by_age.csv.
2012,"$20,000 under $25,000",10913529.0,244857117.0,2760425.0,67105333.0,4132793.0,"IRS SOI Form W-2 statistics Tables 1.B and 2.B (TY2012), https://www.irs.gov/pub/irs-soi/18inallw2.xls",25.29,1497.0,6.16,Size of wage income bins are nominal dollars (box-1 wage income of the taxpayer). Definitions as in w2_deferrals_by_age.csv.
2012,"$200,000 under $500,000",1786528.0,513535956.0,1380611.0,432382766.0,22550133.0,"IRS SOI Form W-2 statistics Tables 1.B and 2.B (TY2012), https://www.irs.gov/pub/irs-soi/18inallw2.xls",77.28,16333.0,5.22,Size of wage income bins are nominal dollars (box-1 wage income of the taxpayer). Definitions as in w2_deferrals_by_age.csv.
2012,"$25,000 under $30,000",10025555.0,275309510.0,3356411.0,94058582.0,5649799.0,"IRS SOI Form W-2 statistics Tables 1.B and 2.B (TY2012), https://www.irs.gov/pub/irs-soi/18inallw2.xls",33.48,1683.0,6.01,Size of wage income bins are nominal dollars (box-1 wage income of the taxpayer). Definitions as in w2_deferrals_by_age.csv.
2012,"$30,000 under $40,000",17331930.0,603143533.0,7115875.0,263959895.0,15988685.0,"IRS SOI Form W-2 statistics Tables 1.B and 2.B (TY2012), https://www.irs.gov/pub/irs-soi/18inallw2.xls",41.06,2247.0,6.06,Size of wage income bins are nominal dollars (box-1 wage income of the taxpayer). Definitions as in w2_deferrals_by_age.csv.
2012,"$40,000 under $50,000",13388703.0,599061434.0,6625981.0,319531311.0,20084644.0,"IRS SOI Form W-2 statistics Tables 1.B and 2.B (TY2012), https://www.irs.gov/pub/irs-soi/18inallw2.xls",49.49,3031.0,6.29,Size of wage income bins are nominal dollars (box-1 wage income of the taxpayer). Definitions as in w2_deferrals_by_age.csv.
2012,"$5,000 under $10,000",12473382.0,93022537.0,860780.0,7404857.0,939606.0,"IRS SOI Form W-2 statistics Tables 1.B and 2.B (TY2012), https://www.irs.gov/pub/irs-soi/18inallw2.xls",6.9,1092.0,12.69,Size of wage income bins are nominal dollars (box-1 wage income of the taxpayer). Definitions as in w2_deferrals_by_age.csv.
2012,"$5,000,000 under $10,000,000",5903.0,40198329.0,4473.0,28085400.0,86356.0,"IRS SOI Form W-2 statistics Tables 1.B and 2.B (TY2012), https://www.irs.gov/pub/irs-soi/18inallw2.xls",75.78,19306.0,0.31,Size of wage income bins are nominal dollars (box-1 wage income of the taxpayer). Definitions as in w2_deferrals_by_age.csv.
2012,"$50,000 under $75,000",19176258.0,1163537481.0,11132268.0,741588489.0,52052764.0,"IRS SOI Form W-2 statistics Tables 1.B and 2.B (TY2012), https://www.irs.gov/pub/irs-soi/18inallw2.xls",58.05,4676.0,7.02,Size of wage income bins are nominal dollars (box-1 wage income of the taxpayer). Definitions as in w2_deferrals_by_age.csv.
2012,"$500,000 under $1,000,000",272157.0,182965999.0,211591.0,150109601.0,3936747.0,"IRS SOI Form W-2 statistics Tables 1.B and 2.B (TY2012), https://www.irs.gov/pub/irs-soi/18inallw2.xls",77.75,18605.0,2.62,Size of wage income bins are nominal dollars (box-1 wage income of the taxpayer). Definitions as in w2_deferrals_by_age.csv.
2012,"$75,000 under $100,000",8551314.0,732884790.0,5752073.0,546598222.0,41629161.0,"IRS SOI Form W-2 statistics Tables 1.B and 2.B (TY2012), https://www.irs.gov/pub/irs-soi/18inallw2.xls",67.27,7237.0,7.62,Size of wage income bins are nominal dollars (box-1 wage income of the taxpayer). Definitions as in w2_deferrals_by_age.csv.
2012,All,139546045.0,6061680309.0,48726737.0,3676627409.0,233909206.0,"IRS SOI Form W-2 statistics Tables 1.B and 2.B (TY2012), https://www.irs.gov/pub/irs-soi/18inallw2.xls",34.92,4800.0,6.36,Size of wage income bins are nominal dollars (box-1 wage income of the taxpayer). Definitions as in w2_deferrals_by_age.csv.
2013,"$1 under $5,000",14206294.0,34251244.0,525217.0,2071365.0,981636.0,"IRS SOI Form W-2 statistics Tables 1.B and 2.B (TY2013), https://www.irs.gov/pub/irs-soi/18inallw2.xls",3.7,1869.0,47.39,Size of wage income bins are nominal dollars (box-1 wage income of the taxpayer). Definitions as in w2_deferrals_by_age.csv.
2013,"$1,000,000 under $1,500,000",52211.0,62749134.0,41369.0,49697336.0,786098.0,"IRS SOI Form W-2 statistics Tables 1.B and 2.B (TY2013), https://www.irs.gov/pub/irs-soi/18inallw2.xls",79.23,19002.0,1.58,Size of wage income bins are nominal dollars (box-1 wage income of the taxpayer). Definitions as in w2_deferrals_by_age.csv.
2013,"$1,500,000 under $2,000,000",19685.0,33840195.0,15352.0,25783281.0,291263.0,"IRS SOI Form W-2 statistics Tables 1.B and 2.B (TY2013), https://www.irs.gov/pub/irs-soi/18inallw2.xls",77.99,18972.0,1.13,Size of wage income bins are nominal dollars (box-1 wage income of the taxpayer). Definitions as in w2_deferrals_by_age.csv.
2013,"$10,000 under $15,000",11899367.0,148033381.0,1439647.0,18290869.0,1635035.0,"IRS SOI Form W-2 statistics Tables 1.B and 2.B (TY2013), https://www.irs.gov/pub/irs-soi/18inallw2.xls",12.1,1136.0,8.94,Size of wage income bins are nominal dollars (box-1 wage income of the taxpayer). Definitions as in w2_deferrals_by_age.csv.
2013,"$10,000,000 and over",2351.0,47586107.0,1713.0,28872779.0,32930.0,"IRS SOI Form W-2 statistics Tables 1.B and 2.B (TY2013), https://www.irs.gov/pub/irs-soi/18inallw2.xls",72.86,19224.0,0.11,Size of wage income bins are nominal dollars (box-1 wage income of the taxpayer). Definitions as in w2_deferrals_by_age.csv.
2013,"$100,000 under $200,000",7919091.0,1036168243.0,5845085.0,844199423.0,64247488.0,"IRS SOI Form W-2 statistics Tables 1.B and 2.B (TY2013), https://www.irs.gov/pub/irs-soi/18inallw2.xls",73.81,10992.0,7.61,Size of wage income bins are nominal dollars (box-1 wage income of the taxpayer). Definitions as in w2_deferrals_by_age.csv.
2013,"$15,000 under $20,000",11538766.0,201580414.0,2031941.0,35056076.0,2435344.0,"IRS SOI Form W-2 statistics Tables 1.B and 2.B (TY2013), https://www.irs.gov/pub/irs-soi/18inallw2.xls",17.61,1199.0,6.95,Size of wage income bins are nominal dollars (box-1 wage income of the taxpayer). Definitions as in w2_deferrals_by_age.csv.
2013,"$2,000,000 under $5,000,000",25357.0,74301866.0,19524.0,54839754.0,370420.0,"IRS SOI Form W-2 statistics Tables 1.B and 2.B (TY2013), https://www.irs.gov/pub/irs-soi/18inallw2.xls",77.0,18973.0,0.68,Size of wage income bins are nominal dollars (box-1 wage income of the taxpayer). Definitions as in w2_deferrals_by_age.csv.
2013,"$20,000 under $25,000",11047800.0,248249492.0,2881431.0,65959099.0,4399579.0,"IRS SOI Form W-2 statistics Tables 1.B and 2.B (TY2013), https://www.irs.gov/pub/irs-soi/18inallw2.xls",26.08,1527.0,6.67,Size of wage income bins are nominal dollars (box-1 wage income of the taxpayer). Definitions as in w2_deferrals_by_age.csv.
2013,"$200,000 under $500,000",1907000.0,546919006.0,1486321.0,466377238.0,24828417.0,"IRS SOI Form W-2 statistics Tables 1.B and 2.B (TY2013), https://www.irs.gov/pub/irs-soi/18inallw2.xls",77.94,16705.0,5.32,Size of wage income bins are nominal dollars (box-1 wage income of the taxpayer). Definitions as in w2_deferrals_by_age.csv.
2013,"$25,000 under $30,000",10227906.0,280829989.0,3409336.0,95523084.0,5668837.0,"IRS SOI Form W-2 statistics Tables 1.B and 2.B (TY2013), https://www.irs.gov/pub/irs-soi/18inallw2.xls",33.33,1663.0,5.93,Size of wage income bins are nominal dollars (box-1 wage income of the taxpayer). Definitions as in w2_deferrals_by_age.csv.
2013,"$30,000 under $40,000",17560514.0,611216133.0,7295313.0,265094887.0,16198602.0,"IRS SOI Form W-2 statistics Tables 1.B and 2.B (TY2013), https://www.irs.gov/pub/irs-soi/18inallw2.xls",41.54,2220.0,6.11,Size of wage income bins are nominal dollars (box-1 wage income of the taxpayer). Definitions as in w2_deferrals_by_age.csv.
2013,"$40,000 under $50,000",13845779.0,619469326.0,6702251.0,318673403.0,20176840.0,"IRS SOI Form W-2 statistics Tables 1.B and 2.B (TY2013), https://www.irs.gov/pub/irs-soi/18inallw2.xls",48.41,3010.0,6.33,Size of wage income bins are nominal dollars (box-1 wage income of the taxpayer). Definitions as in w2_deferrals_by_age.csv.
2013,"$5,000 under $10,000",12635689.0,94117236.0,886593.0,7338718.0,1000110.0,"IRS SOI Form W-2 statistics Tables 1.B and 2.B (TY2013), https://www.irs.gov/pub/irs-soi/18inallw2.xls",7.02,1128.0,13.63,Size of wage income bins are nominal dollars (box-1 wage income of the taxpayer). Definitions as in w2_deferrals_by_age.csv.
2013,"$5,000,000 under $10,000,000",5206.0,35197802.0,3957.0,24545141.0,77086.0,"IRS SOI Form W-2 statistics Tables 1.B and 2.B (TY2013), https://www.irs.gov/pub/irs-soi/18inallw2.xls",76.01,19481.0,0.31,Size of wage income bins are nominal dollars (box-1 wage income of the taxpayer). Definitions as in w2_deferrals_by_age.csv.
2013,"$50,000 under $75,000",19912039.0,1210370749.0,11529319.0,761074594.0,53678402.0,"IRS SOI Form W-2 statistics Tables 1.B and 2.B (TY2013), https://www.irs.gov/pub/irs-soi/18inallw2.xls",57.9,4656.0,7.05,Size of wage income bins are nominal dollars (box-1 wage income of the taxpayer). Definitions as in w2_deferrals_by_age.csv.
2013,"$500,000 under $1,000,000",279136.0,186272125.0,225174.0,160038862.0,4351033.0,"IRS SOI Form W-2 statistics Tables 1.B and 2.B (TY2013), https://www.irs.gov/pub/irs-soi/18inallw2.xls",80.67,19323.0,2.72,Size of wage income bins are nominal dollars (box-1 wage income of the taxpayer). Definitions as in w2_deferrals_by_age.csv.
2013,"$75,000 under $100,000",8769707.0,753206791.0,5864155.0,552735274.0,42711246.0,"IRS SOI Form W-2 statistics Tables 1.B and 2.B (TY2013), https://www.irs.gov/pub/irs-soi/18inallw2.xls",66.87,7283.0,7.73,Size of wage income bins are nominal dollars (box-1 wage income of the taxpayer). Definitions as in w2_deferrals_by_age.csv.
2013,All,141853898.0,6224359236.0,50203698.0,3776171182.0,243870366.0,"IRS SOI Form W-2 statistics Tables 1.B and 2.B (TY2013), https://www.irs.gov/pub/irs-soi/18inallw2.xls",35.39,4858.0,6.46,Size of wage income bins are nominal dollars (box-1 wage income of the taxpayer). Definitions as in w2_deferrals_by_age.csv.
2014,"$1 under $5,000",13523168.0,32804355.0,539696.0,2341229.0,840201.0,"IRS SOI Form W-2 statistics Tables 1.B and 2.B (TY2014), https://www.irs.gov/pub/irs-soi/18inallw2.xls",3.99,1557.0,35.89,Size of wage income bins are nominal dollars (box-1 wage income of the taxpayer). Definitions as in w2_deferrals_by_age.csv.
2014,"$1,000,000 under $1,500,000",58927.0,70615179.0,46438.0,55876690.0,887339.0,"IRS SOI Form W-2 statistics Tables 1.B and 2.B (TY2014), https://www.irs.gov/pub/irs-soi/18inallw2.xls",78.81,19108.0,1.59,Size of wage income bins are nominal dollars (box-1 wage income of the taxpayer). Definitions as in w2_deferrals_by_age.csv.
2014,"$1,500,000 under $2,000,000",22238.0,38217471.0,17762.0,30043406.0,339673.0,"IRS SOI Form W-2 statistics Tables 1.B and 2.B (TY2014), https://www.irs.gov/pub/irs-soi/18inallw2.xls",79.87,19124.0,1.13,Size of wage income bins are nominal dollars (box-1 wage income of the taxpayer). Definitions as in w2_deferrals_by_age.csv.
2014,"$10,000 under $15,000",11538290.0,143709952.0,1424011.0,17927530.0,1535992.0,"IRS SOI Form W-2 statistics Tables 1.B and 2.B (TY2014), https://www.irs.gov/pub/irs-soi/18inallw2.xls",12.34,1079.0,8.57,Size of wage income bins are nominal dollars (box-1 wage income of the taxpayer). Definitions as in w2_deferrals_by_age.csv.
2014,"$10,000,000 and over",3048.0,62527345.0,2203.0,38506268.0,42137.0,"IRS SOI Form W-2 statistics Tables 1.B and 2.B (TY2014), https://www.irs.gov/pub/irs-soi/18inallw2.xls",72.28,19127.0,0.11,Size of wage income bins are nominal dollars (box-1 wage income of the taxpayer). Definitions as in w2_deferrals_by_age.csv.
2014,"$100,000 under $200,000",8573917.0,1126440118.0,6324427.0,935220272.0,69840336.0,"IRS SOI Form W-2 statistics Tables 1.B and 2.B (TY2014), https://www.irs.gov/pub/irs-soi/18inallw2.xls",73.76,11043.0,7.47,Size of wage income bins are nominal dollars (box-1 wage income of the taxpayer). Definitions as in w2_deferrals_by_age.csv.
2014,"$15,000 under $20,000",11234820.0,196434793.0,2088491.0,35973716.0,2489697.0,"IRS SOI Form W-2 statistics Tables 1.B and 2.B (TY2014), https://www.irs.gov/pub/irs-soi/18inallw2.xls",18.59,1192.0,6.92,Size of wage income bins are nominal dollars (box-1 wage income of the taxpayer). Definitions as in w2_deferrals_by_age.csv.
2014,"$2,000,000 under $5,000,000",29573.0,87044515.0,22970.0,64286898.0,437549.0,"IRS SOI Form W-2 statistics Tables 1.B and 2.B (TY2014), https://www.irs.gov/pub/irs-soi/18inallw2.xls",77.67,19049.0,0.68,Size of wage income bins are nominal dollars (box-1 wage income of the taxpayer). Definitions as in w2_deferrals_by_age.csv.
2014,"$20,000 under $25,000",10915371.0,245436697.0,2802107.0,62349233.0,4010467.0,"IRS SOI Form W-2 statistics Tables 1.B and 2.B (TY2014), https://www.irs.gov/pub/irs-soi/18inallw2.xls",25.67,1431.0,6.43,Size of wage income bins are nominal dollars (box-1 wage income of the taxpayer). Definitions as in w2_deferrals_by_age.csv.
2014,"$200,000 under $500,000",2037144.0,586662622.0,1607967.0,517735025.0,27065164.0,"IRS SOI Form W-2 statistics Tables 1.B and 2.B (TY2014), https://www.irs.gov/pub/irs-soi/18inallw2.xls",78.93,16832.0,5.23,Size of wage income bins are nominal dollars (box-1 wage income of the taxpayer). Definitions as in w2_deferrals_by_age.csv.
2014,"$25,000 under $30,000",10113841.0,277400048.0,3460107.0,96518440.0,5823346.0,"IRS SOI Form W-2 statistics Tables 1.B and 2.B (TY2014), https://www.irs.gov/pub/irs-soi/18inallw2.xls",34.21,1683.0,6.03,Size of wage income bins are nominal dollars (box-1 wage income of the taxpayer). Definitions as in w2_deferrals_by_age.csv.
2014,"$30,000 under $40,000",17779849.0,618526792.0,7359019.0,265673696.0,16142996.0,"IRS SOI Form W-2 statistics Tables 1.B and 2.B (TY2014), https://www.irs.gov/pub/irs-soi/18inallw2.xls",41.39,2194.0,6.08,Size of wage income bins are nominal dollars (box-1 wage income of the taxpayer). Definitions as in w2_deferrals_by_age.csv.
2014,"$40,000 under $50,000",13996929.0,626464968.0,6811149.0,325134474.0,20769664.0,"IRS SOI Form W-2 statistics Tables 1.B and 2.B (TY2014), https://www.irs.gov/pub/irs-soi/18inallw2.xls",48.66,3049.0,6.39,Size of wage income bins are nominal dollars (box-1 wage income of the taxpayer). Definitions as in w2_deferrals_by_age.csv.
2014,"$5,000 under $10,000",12382848.0,92245506.0,845264.0,7066256.0,1067761.0,"IRS SOI Form W-2 statistics Tables 1.B and 2.B (TY2014), https://www.irs.gov/pub/irs-soi/18inallw2.xls",6.83,1263.0,15.11,Size of wage income bins are nominal dollars (box-1 wage income of the taxpayer). Definitions as in w2_deferrals_by_age.csv.
2014,"$5,000,000 under $10,000,000",6290.0,42906975.0,4783.0,29174485.0,91734.0,"IRS SOI Form W-2 statistics Tables 1.B and 2.B (TY2014), https://www.irs.gov/pub/irs-soi/18inallw2.xls",76.04,19179.0,0.31,Size of wage income bins are nominal dollars (box-1 wage income of the taxpayer). Definitions as in w2_deferrals_by_age.csv.
2014,"$50,000 under $75,000",20454649.0,1244172525.0,12002805.0,794778471.0,55196411.0,"IRS SOI Form W-2 statistics Tables 1.B and 2.B (TY2014), https://www.irs.gov/pub/irs-soi/18inallw2.xls",58.68,4599.0,6.94,Size of wage income bins are nominal dollars (box-1 wage income of the taxpayer). Definitions as in w2_deferrals_by_age.csv.
2014,"$500,000 under $1,000,000",315084.0,210376102.0,252019.0,181987833.0,4893800.0,"IRS SOI Form W-2 statistics Tables 1.B and 2.B (TY2014), https://www.irs.gov/pub/irs-soi/18inallw2.xls",79.98,19418.0,2.69,Size of wage income bins are nominal dollars (box-1 wage income of the taxpayer). Definitions as in w2_deferrals_by_age.csv.
2014,"$75,000 under $100,000",9476612.0,814634452.0,6397743.0,603727689.0,46382262.0,"IRS SOI Form W-2 statistics Tables 1.B and 2.B (TY2014), https://www.irs.gov/pub/irs-soi/18inallw2.xls",67.51,7250.0,7.68,Size of wage income bins are nominal dollars (box-1 wage income of the taxpayer). Definitions as in w2_deferrals_by_age.csv.
2014,All,142462598.0,6516620413.0,52008961.0,4064321613.0,257856530.0,"IRS SOI Form W-2 statistics Tables 1.B and 2.B (TY2014), https://www.irs.gov/pub/irs-soi/18inallw2.xls",36.51,4958.0,6.34,Size of wage income bins are nominal dollars (box-1 wage income of the taxpayer). Definitions as in w2_deferrals_by_age.csv.
2015,"$1 under $5,000",13150496.0,32263488.0,523595.0,2289370.0,927620.0,"IRS SOI Form W-2 statistics Tables 1.B and 2.B (TY2015), https://www.irs.gov/pub/irs-soi/18inallw2.xls",3.98,1772.0,40.52,Size of wage income bins are nominal dollars (box-1 wage income of the taxpayer). Definitions as in w2_deferrals_by_age.csv.
2015,"$1,000,000 under $1,500,000",63675.0,76133823.0,51128.0,62392831.0,1016630.0,"IRS SOI Form W-2 statistics Tables 1.B and 2.B (TY2015), https://www.irs.gov/pub/irs-soi/18inallw2.xls",80.3,19884.0,1.63,Size of wage income bins are nominal dollars (box-1 wage income of the taxpayer). Definitions as in w2_deferrals_by_age.csv.
2015,"$1,500,000 under $2,000,000",23467.0,40393257.0,18684.0,31868359.0,370990.0,"IRS SOI Form W-2 statistics Tables 1.B and 2.B (TY2015), https://www.irs.gov/pub/irs-soi/18inallw2.xls",79.62,19856.0,1.16,Size of wage income bins are nominal dollars (box-1 wage income of the taxpayer). Definitions as in w2_deferrals_by_age.csv.
2015,"$10,000 under $15,000",11352677.0,141562271.0,1390130.0,17079378.0,1497833.0,"IRS SOI Form W-2 statistics Tables 1.B and 2.B (TY2015), https://www.irs.gov/pub/irs-soi/18inallw2.xls",12.24,1077.0,8.77,Size of wage income bins are nominal dollars (box-1 wage income of the taxpayer). Definitions as in w2_deferrals_by_age.csv.
2015,"$10,000,000 and over",3178.0,69969799.0,2371.0,44528407.0,49632.0,"IRS SOI Form W-2 statistics Tables 1.B and 2.B (TY2015), https://www.irs.gov/pub/irs-soi/18inallw2.xls",74.61,20933.0,0.11,Size of wage income bins are nominal dollars (box-1 wage income of the taxpayer). Definitions as in w2_deferrals_by_age.csv.
2015,"$100,000 under $200,000",9386714.0,1231600396.0,7011332.0,1028787220.0,78968874.0,"IRS SOI Form W-2 statistics Tables 1.B and 2.B (TY2015), https://www.irs.gov/pub/irs-soi/18inallw2.xls",74.69,11263.0,7.68,Size of wage income bins are nominal dollars (box-1 wage income of the taxpayer). Definitions as in w2_deferrals_by_age.csv.
2015,"$15,000 under $20,000",10998738.0,192421965.0,2009960.0,35250047.0,2756175.0,"IRS SOI Form W-2 statistics Tables 1.B and 2.B (TY2015), https://www.irs.gov/pub/irs-soi/18inallw2.xls",18.27,1371.0,7.82,Size of wage income bins are nominal dollars (box-1 wage income of the taxpayer). Definitions as in w2_deferrals_by_age.csv.
2015,"$2,000,000 under $5,000,000",30893.0,90510468.0,24224.0,67784970.0,485218.0,"IRS SOI Form W-2 statistics Tables 1.B and 2.B (TY2015), https://www.irs.gov/pub/irs-soi/18inallw2.xls",78.41,20030.0,0.72,Size of wage income bins are nominal dollars (box-1 wage income of the taxpayer). Definitions as in w2_deferrals_by_age.csv.
2015,"$20,000 under $25,000",10755673.0,241879007.0,2885700.0,64643840.0,4295067.0,"IRS SOI Form W-2 statistics Tables 1.B and 2.B (TY2015), https://www.irs.gov/pub/irs-soi/18inallw2.xls",26.83,1488.0,6.64,Size of wage income bins are nominal dollars (box-1 wage income of the taxpayer). Definitions as in w2_deferrals_by_age.csv.
2015,"$200,000 under $500,000",2263207.0,648114785.0,1808279.0,577634426.0,31535255.0,"IRS SOI Form W-2 statistics Tables 1.B and 2.B (TY2015), https://www.irs.gov/pub/irs-soi/18inallw2.xls",79.9,17439.0,5.46,Size of wage income bins are nominal dollars (box-1 wage income of the taxpayer). Definitions as in w2_deferrals_by_age.csv.
2015,"$25,000 under $30,000",10067648.0,276615464.0,3347250.0,93254902.0,5711097.0,"IRS SOI Form W-2 statistics Tables 1.B and 2.B (TY2015), https://www.irs.gov/pub/irs-soi/18inallw2.xls",33.25,1706.0,6.12,Size of wage income bins are nominal dollars (box-1 wage income of the taxpayer). Definitions as in w2_deferrals_by_age.csv.
2015,"$30,000 under $40,000",17978430.0,626768156.0,7511187.0,272062957.0,16099924.0,"IRS SOI Form W-2 statistics Tables 1.B and 2.B (TY2015), https://www.irs.gov/pub/irs-soi/18inallw2.xls",41.78,2143.0,5.92,Size of wage income bins are nominal dollars (box-1 wage income of the taxpayer). Definitions as in w2_deferrals_by_age.csv.
2015,"$40,000 under $50,000",14230533.0,636865901.0,6995717.0,332165703.0,20774112.0,"IRS SOI Form W-2 statistics Tables 1.B and 2.B (TY2015), https://www.irs.gov/pub/irs-soi/18inallw2.xls",49.16,2970.0,6.25,Size of wage income bins are nominal dollars (box-1 wage income of the taxpayer). Definitions as in w2_deferrals_by_age.csv.
2015,"$5,000 under $10,000",12052073.0,89694122.0,874744.0,7071499.0,1079897.0,"IRS SOI Form W-2 statistics Tables 1.B and 2.B (TY2015), https://www.irs.gov/pub/irs-soi/18inallw2.xls",7.26,1235.0,15.27,Size of wage income bins are nominal dollars (box-1 wage income of the taxpayer). Definitions as in w2_deferrals_by_age.csv.
2015,"$5,000,000 under $10,000,000",6557.0,44689503.0,5089.0,31642237.0,100777.0,"IRS SOI Form W-2 statistics Tables 1.B and 2.B (TY2015), https://www.irs.gov/pub/irs-soi/18inallw2.xls",77.61,19803.0,0.32,Size of wage income bins are nominal dollars (box-1 wage income of the taxpayer). Definitions as in w2_deferrals_by_age.csv.
2015,"$50,000 under $75,000",21396990.0,1301236000.0,12573328.0,841002891.0,57735863.0,"IRS SOI Form W-2 statistics Tables 1.B and 2.B (TY2015), https://www.irs.gov/pub/irs-soi/18inallw2.xls",58.76,4592.0,6.87,Size of wage income bins are nominal dollars (box-1 wage income of the taxpayer). Definitions as in w2_deferrals_by_age.csv.
2015,"$500,000 under $1,000,000",343970.0,229405582.0,284435.0,205156792.0,5773895.0,"IRS SOI Form W-2 statistics Tables 1.B and 2.B (TY2015), https://www.irs.gov/pub/irs-soi/18inallw2.xls",82.69,20300.0,2.81,Size of wage income bins are nominal dollars (box-1 wage income of the taxpayer). Definitions as in w2_deferrals_by_age.csv.
2015,"$75,000 under $100,000",9950170.0,854193417.0,6784633.0,648149845.0,49524185.0,"IRS SOI Form W-2 statistics Tables 1.B and 2.B (TY2015), https://www.irs.gov/pub/irs-soi/18inallw2.xls",68.19,7299.0,7.64,Size of wage income bins are nominal dollars (box-1 wage income of the taxpayer). Definitions as in w2_deferrals_by_age.csv.
2015,All,144055089.0,6824317403.0,54101786.0,4362765673.0,278703042.0,"IRS SOI Form W-2 statistics Tables 1.B and 2.B (TY2015), https://www.irs.gov/pub/irs-soi/18inallw2.xls",37.56,5151.0,6.39,Size of wage income bins are nominal dollars (box-1 wage income of the taxpayer). Definitions as in w2_deferrals_by_age.csv.
2016,"$1 under $5,000",12853487.0,31358468.0,552700.0,2410354.0,980951.0,"IRS SOI Form W-2 statistics Tables 1.B and 2.B (TY2016), https://www.irs.gov/pub/irs-soi/18inallw2.xls",4.3,1775.0,40.7,Size of wage income bins are nominal dollars (box-1 wage income of the taxpayer). Definitions as in w2_deferrals_by_age.csv.
2016,"$1,000,000 under $1,500,000",64989.0,77784282.0,53283.0,66034166.0,1089651.0,"IRS SOI Form W-2 statistics Tables 1.B and 2.B (TY2016), https://www.irs.gov/pub/irs-soi/18inallw2.xls",81.99,20450.0,1.65,Size of wage income bins are nominal dollars (box-1 wage income of the taxpayer). Definitions as in w2_deferrals_by_age.csv.
2016,"$1,500,000 under $2,000,000",22143.0,38054145.0,17857.0,30518910.0,362692.0,"IRS SOI Form W-2 statistics Tables 1.B and 2.B (TY2016), https://www.irs.gov/pub/irs-soi/18inallw2.xls",80.64,20311.0,1.19,Size of wage income bins are nominal dollars (box-1 wage income of the taxpayer). Definitions as in w2_deferrals_by_age.csv.
2016,"$10,000 under $15,000",11080237.0,138040329.0,1407742.0,17427975.0,1537518.0,"IRS SOI Form W-2 statistics Tables 1.B and 2.B (TY2016), https://www.irs.gov/pub/irs-soi/18inallw2.xls",12.7,1092.0,8.82,Size of wage income bins are nominal dollars (box-1 wage income of the taxpayer). Definitions as in w2_deferrals_by_age.csv.
2016,"$10,000,000 and over",2895.0,62710736.0,2186.0,38413187.0,43533.0,"IRS SOI Form W-2 statistics Tables 1.B and 2.B (TY2016), https://www.irs.gov/pub/irs-soi/18inallw2.xls",75.51,19914.0,0.11,Size of wage income bins are nominal dollars (box-1 wage income of the taxpayer). Definitions as in w2_deferrals_by_age.csv.
2016,"$100,000 under $200,000",9797784.0,1287143374.0,7374228.0,1092992423.0,83283986.0,"IRS SOI Form W-2 statistics Tables 1.B and 2.B (TY2016), https://www.irs.gov/pub/irs-soi/18inallw2.xls",75.26,11294.0,7.62,Size of wage income bins are nominal dollars (box-1 wage income of the taxpayer). Definitions as in w2_deferrals_by_age.csv.
2016,"$15,000 under $20,000",10731763.0,187657912.0,2011203.0,34212749.0,2490512.0,"IRS SOI Form W-2 statistics Tables 1.B and 2.B (TY2016), https://www.irs.gov/pub/irs-soi/18inallw2.xls",18.74,1238.0,7.28,Size of wage income bins are nominal dollars (box-1 wage income of the taxpayer). Definitions as in w2_deferrals_by_age.csv.
2016,"$2,000,000 under $5,000,000",29030.0,84944762.0,22963.0,64497653.0,463409.0,"IRS SOI Form W-2 statistics Tables 1.B and 2.B (TY2016), https://www.irs.gov/pub/irs-soi/18inallw2.xls",79.1,20181.0,0.72,Size of wage income bins are nominal dollars (box-1 wage income of the taxpayer). Definitions as in w2_deferrals_by_age.csv.
2016,"$20,000 under $25,000",10605201.0,238197312.0,2912841.0,64986879.0,4218731.0,"IRS SOI Form W-2 statistics Tables 1.B and 2.B (TY2016), https://www.irs.gov/pub/irs-soi/18inallw2.xls",27.47,1448.0,6.49,Size of wage income bins are nominal dollars (box-1 wage income of the taxpayer). Definitions as in w2_deferrals_by_age.csv.
2016,"$200,000 under $500,000",2381942.0,682952164.0,1914435.0,613421656.0,33626177.0,"IRS SOI Form W-2 statistics Tables 1.B and 2.B (TY2016), https://www.irs.gov/pub/irs-soi/18inallw2.xls",80.37,17565.0,5.48,Size of wage income bins are nominal dollars (box-1 wage income of the taxpayer). Definitions as in w2_deferrals_by_age.csv.
2016,"$25,000 under $30,000",10066284.0,276488493.0,3426923.0,95136361.0,5813447.0,"IRS SOI Form W-2 statistics Tables 1.B and 2.B (TY2016), https://www.irs.gov/pub/irs-soi/18inallw2.xls",34.04,1696.0,6.11,Size of wage income bins are nominal dollars (box-1 wage income of the taxpayer). Definitions as in w2_deferrals_by_age.csv.
2016,"$30,000 under $40,000",18168132.0,632464252.0,7727976.0,284249705.0,17133512.0,"IRS SOI Form W-2 statistics Tables 1.B and 2.B (TY2016), https://www.irs.gov/pub/irs-soi/18inallw2.xls",42.54,2217.0,6.03,Size of wage income bins are nominal dollars (box-1 wage income of the taxpayer). Definitions as in w2_deferrals_by_age.csv.
2016,"$40,000 under $50,000",14434503.0,646597126.0,7205859.0,341807398.0,21500635.0,"IRS SOI Form W-2 statistics Tables 1.B and 2.B (TY2016), https://www.irs.gov/pub/irs-soi/18inallw2.xls",49.92,2984.0,6.29,Size of wage income bins are nominal dollars (box-1 wage income of the taxpayer). Definitions as in w2_deferrals_by_age.csv.
2016,"$5,000 under $10,000",11672127.0,87001531.0,902424.0,7061549.0,1001180.0,"IRS SOI Form W-2 statistics Tables 1.B and 2.B (TY2016), https://www.irs.gov/pub/irs-soi/18inallw2.xls",7.73,1109.0,14.18,Size of wage income bins are nominal dollars (box-1 wage income of the taxpayer). Definitions as in w2_deferrals_by_age.csv.
2016,"$5,000,000 under $10,000,000",6954.0,49223365.0,4696.0,28706023.0,94482.0,"IRS SOI Form W-2 statistics Tables 1.B and 2.B (TY2016), https://www.irs.gov/pub/irs-soi/18inallw2.xls",67.53,20120.0,0.33,Size of wage income bins are nominal dollars (box-1 wage income of the taxpayer). Definitions as in w2_deferrals_by_age.csv.
2016,"$50,000 under $75,000",21768908.0,1323154091.0,13049094.0,871985761.0,59736035.0,"IRS SOI Form W-2 statistics Tables 1.B and 2.B (TY2016), https://www.irs.gov/pub/irs-soi/18inallw2.xls",59.94,4578.0,6.85,Size of wage income bins are nominal dollars (box-1 wage income of the taxpayer). Definitions as in w2_deferrals_by_age.csv.
2016,"$500,000 under $1,000,000",351172.0,231809234.0,290351.0,208292648.0,5932146.0,"IRS SOI Form W-2 statistics Tables 1.B and 2.B (TY2016), https://www.irs.gov/pub/irs-soi/18inallw2.xls",82.68,20431.0,2.85,Size of wage income bins are nominal dollars (box-1 wage income of the taxpayer). Definitions as in w2_deferrals_by_age.csv.
2016,"$75,000 under $100,000",10175972.0,874964449.0,7020531.0,675440076.0,51603351.0,"IRS SOI Form W-2 statistics Tables 1.B and 2.B (TY2016), https://www.irs.gov/pub/irs-soi/18inallw2.xls",68.99,7350.0,7.64,Size of wage income bins are nominal dollars (box-1 wage income of the taxpayer). Definitions as in w2_deferrals_by_age.csv.
2016,All,144213523.0,6950546024.0,55897292.0,4537595475.0,290911946.0,"IRS SOI Form W-2 statistics Tables 1.B and 2.B (TY2016), https://www.irs.gov/pub/irs-soi/18inallw2.xls",38.76,5204.0,6.41,Size of wage income bins are nominal dollars (box-1 wage income of the taxpayer). Definitions as in w2_deferrals_by_age.csv.
2017,"$1 under $5,000",12560482.0,30968706.0,531781.0,2413584.0,1007090.0,"IRS SOI Form W-2 statistics Tables 1.B and 2.B (TY2017), https://www.irs.gov/pub/irs-soi/18inallw2.xls",4.23,1894.0,41.73,Size of wage income bins are nominal dollars (box-1 wage income of the taxpayer). Definitions as in w2_deferrals_by_age.csv.
2017,"$1,000,000 under $1,500,000",68338.0,81992471.0,56141.0,70128343.0,1165001.0,"IRS SOI Form W-2 statistics Tables 1.B and 2.B (TY2017), https://www.irs.gov/pub/irs-soi/18inallw2.xls",82.15,20751.0,1.66,Size of wage income bins are nominal dollars (box-1 wage income of the taxpayer). Definitions as in w2_deferrals_by_age.csv.
2017,"$1,500,000 under $2,000,000",24863.0,42911139.0,20623.0,35398028.0,419942.0,"IRS SOI Form W-2 statistics Tables 1.B and 2.B (TY2017), https://www.irs.gov/pub/irs-soi/18inallw2.xls",82.95,20363.0,1.19,Size of wage income bins are nominal dollars (box-1 wage income of the taxpayer). Definitions as in w2_deferrals_by_age.csv.
2017,"$10,000 under $15,000",10643132.0,132632922.0,1403428.0,17113651.0,1500214.0,"IRS SOI Form W-2 statistics Tables 1.B and 2.B (TY2017), https://www.irs.gov/pub/irs-soi/18inallw2.xls",13.19,1069.0,8.77,Size of wage income bins are nominal dollars (box-1 wage income of the taxpayer). Definitions as in w2_deferrals_by_age.csv.
2017,"$10,000,000 and over",3644.0,80711903.0,2752.0,50361323.0,54481.0,"IRS SOI Form W-2 statistics Tables 1.B and 2.B (TY2017), https://www.irs.gov/pub/irs-soi/18inallw2.xls",75.52,19797.0,0.11,Size of wage income bins are nominal dollars (box-1 wage income of the taxpayer). Definitions as in w2_deferrals_by_age.csv.
2017,"$100,000 under $200,000",10521685.0,1384317359.0,8030911.0,1203308009.0,91898253.0,"IRS SOI Form W-2 statistics Tables 1.B and 2.B (TY2017), https://www.irs.gov/pub/irs-soi/18inallw2.xls",76.33,11443.0,7.64,Size of wage income bins are nominal dollars (box-1 wage income of the taxpayer). Definitions as in w2_deferrals_by_age.csv.
2017,"$15,000 under $20,000",10371433.0,181290768.0,1968146.0,33125575.0,2497582.0,"IRS SOI Form W-2 statistics Tables 1.B and 2.B (TY2017), https://www.irs.gov/pub/irs-soi/18inallw2.xls",18.98,1269.0,7.54,Size of wage income bins are nominal dollars (box-1 wage income of the taxpayer). Definitions as in w2_deferrals_by_age.csv.
2017,"$2,000,000 under $5,000,000",32669.0,96263446.0,26168.0,74199800.0,534181.0,"IRS SOI Form W-2 statistics Tables 1.B and 2.B (TY2017), https://www.irs.gov/pub/irs-soi/18inallw2.xls",80.1,20414.0,0.72,Size of wage income bins are nominal dollars (box-1 wage income of the taxpayer). Definitions as in w2_deferrals_by_age.csv.
2017,"$20,000 under $25,000",10574854.0,237741707.0,2754963.0,61471943.0,4067006.0,"IRS SOI Form W-2 statistics Tables 1.B and 2.B (TY2017), https://www.irs.gov/pub/irs-soi/18inallw2.xls",26.05,1476.0,6.62,Size of wage income bins are nominal dollars (box-1 wage income of the taxpayer). Definitions as in w2_deferrals_by_age.csv.
2017,"$200,000 under $500,000",2569350.0,737411572.0,2103670.0,676175261.0,37114762.0,"IRS SOI Form W-2 statistics Tables 1.B and 2.B (TY2017), https://www.irs.gov/pub/irs-soi/18inallw2.xls",81.88,17643.0,5.49,Size of wage income bins are nominal dollars (box-1 wage income of the taxpayer). Definitions as in w2_deferrals_by_age.csv.
2017,"$25,000 under $30,000",10031919.0,275684353.0,3479067.0,96169234.0,5838096.0,"IRS SOI Form W-2 statistics Tables 1.B and 2.B (TY2017), https://www.irs.gov/pub/irs-soi/18inallw2.xls",34.68,1678.0,6.07,Size of wage income bins are nominal dollars (box-1 wage income of the taxpayer). Definitions as in w2_deferrals_by_age.csv.
2017,"$30,000 under $40,000",18335072.0,638488550.0,7904730.0,286661510.0,17701297.0,"IRS SOI Form W-2 statistics Tables 1.B and 2.B (TY2017), https://www.irs.gov/pub/irs-soi/18inallw2.xls",43.11,2239.0,6.17,Size of wage income bins are nominal dollars (box-1 wage income of the taxpayer). Definitions as in w2_deferrals_by_age.csv.
2017,"$40,000 under $50,000",14765079.0,661321795.0,7494635.0,357980743.0,22449525.0,"IRS SOI Form W-2 statistics Tables 1.B and 2.B (TY2017), https://www.irs.gov/pub/irs-soi/18inallw2.xls",50.76,2995.0,6.27,Size of wage income bins are nominal dollars (box-1 wage income of the taxpayer). Definitions as in w2_deferrals_by_age.csv.
2017,"$5,000 under $10,000",11275879.0,83855077.0,918653.0,7373029.0,1015975.0,"IRS SOI Form W-2 statistics Tables 1.B and 2.B (TY2017), https://www.irs.gov/pub/irs-soi/18inallw2.xls",8.15,1106.0,13.78,Size of wage income bins are nominal dollars (box-1 wage income of the taxpayer). Definitions as in w2_deferrals_by_age.csv.
2017,"$5,000,000 under $10,000,000",7300.0,49729083.0,5795.0,36082844.0,114968.0,"IRS SOI Form W-2 statistics Tables 1.B and 2.B (TY2017), https://www.irs.gov/pub/irs-soi/18inallw2.xls",79.38,19839.0,0.32,Size of wage income bins are nominal dollars (box-1 wage income of the taxpayer). Definitions as in w2_deferrals_by_age.csv.
2017,"$50,000 under $75,000",22836445.0,1389235078.0,13632135.0,919501759.0,62625823.0,"IRS SOI Form W-2 statistics Tables 1.B and 2.B (TY2017), https://www.irs.gov/pub/irs-soi/18inallw2.xls",59.69,4594.0,6.81,Size of wage income bins are nominal dollars (box-1 wage income of the taxpayer). Definitions as in w2_deferrals_by_age.csv.
2017,"$500,000 under $1,000,000",372437.0,247764134.0,310046.0,227181175.0,6364436.0,"IRS SOI Form W-2 statistics Tables 1.B and 2.B (TY2017), https://www.irs.gov/pub/irs-soi/18inallw2.xls",83.25,20527.0,2.8,Size of wage income bins are nominal dollars (box-1 wage income of the taxpayer). Definitions as in w2_deferrals_by_age.csv.
2017,"$75,000 under $100,000",10763810.0,924767956.0,7469588.0,720084155.0,54581681.0,"IRS SOI Form W-2 statistics Tables 1.B and 2.B (TY2017), https://www.irs.gov/pub/irs-soi/18inallw2.xls",69.4,7307.0,7.58,Size of wage income bins are nominal dollars (box-1 wage income of the taxpayer). Definitions as in w2_deferrals_by_age.csv.
2017,All,145758391.0,7277088018.0,58113232.0,4874729965.0,310950313.0,"IRS SOI Form W-2 statistics Tables 1.B and 2.B (TY2017), https://www.irs.gov/pub/irs-soi/18inallw2.xls",39.87,5351.0,6.38,Size of wage income bins are nominal dollars (box-1 wage income of the taxpayer). Definitions as in w2_deferrals_by_age.csv.
2018,"$1 under $5,000",11721110.0,29115986.0,530456.0,2584457.0,1083677.0,"IRS SOI Form W-2 statistics Tables 1.B and 2.B (TY2018), https://www.irs.gov/pub/irs-soi/18inallw2.xls",4.53,2043.0,41.93,Size of wage income bins are nominal dollars (box-1 wage income of the taxpayer). Definitions as in w2_deferrals_by_age.csv.
2018,"$1,000,000 under $1,500,000",71788.0,86148210.0,60134.0,73649491.0,1251844.0,"IRS SOI Form W-2 statistics Tables 1.B and 2.B (TY2018), https://www.irs.gov/pub/irs-soi/18inallw2.xls",83.77,20818.0,1.7,Size of wage income bins are nominal dollars (box-1 wage income of the taxpayer). Definitions as in w2_deferrals_by_age.csv.
2018,"$1,500,000 under $2,000,000",26804.0,46005235.0,22238.0,37765157.0,453437.0,"IRS SOI Form W-2 statistics Tables 1.B and 2.B (TY2018), https://www.irs.gov/pub/irs-soi/18inallw2.xls",82.97,20390.0,1.2,Size of wage income bins are nominal dollars (box-1 wage income of the taxpayer). Definitions as in w2_deferrals_by_age.csv.
2018,"$10,000 under $15,000",10221437.0,127282549.0,1385457.0,16685732.0,1682141.0,"IRS SOI Form W-2 statistics Tables 1.B and 2.B (TY2018), https://www.irs.gov/pub/irs-soi/18inallw2.xls",13.55,1214.0,10.08,Size of wage income bins are nominal dollars (box-1 wage income of the taxpayer). Definitions as in w2_deferrals_by_age.csv.
2018,"$10,000,000 and over",3769.0,83061345.0,2957.0,55136634.0,60170.0,"IRS SOI Form W-2 statistics Tables 1.B and 2.B (TY2018), https://www.irs.gov/pub/irs-soi/18inallw2.xls",78.46,20348.0,0.11,Size of wage income bins are nominal dollars (box-1 wage income of the taxpayer). Definitions as in w2_deferrals_by_age.csv.
2018,"$100,000 under $200,000",11304827.0,1492077174.0,8735866.0,1283425399.0,100168585.0,"IRS SOI Form W-2 statistics Tables 1.B and 2.B (TY2018), https://www.irs.gov/pub/irs-soi/18inallw2.xls",77.28,11466.0,7.8,Size of wage income bins are nominal dollars (box-1 wage income of the taxpayer). Definitions as in w2_deferrals_by_age.csv.
2018,"$15,000 under $20,000",9641109.0,168633009.0,1947493.0,32435560.0,2670784.0,"IRS SOI Form W-2 statistics Tables 1.B and 2.B (TY2018), https://www.irs.gov/pub/irs-soi/18inallw2.xls",20.2,1371.0,8.23,Size of wage income bins are nominal dollars (box-1 wage income of the taxpayer). Definitions as in w2_deferrals_by_age.csv.
2018,"$2,000,000 under $5,000,000",34300.0,101047933.0,27927.0,77710349.0,568336.0,"IRS SOI Form W-2 statistics Tables 1.B and 2.B (TY2018), https://www.irs.gov/pub/irs-soi/18inallw2.xls",81.42,20351.0,0.73,Size of wage income bins are nominal dollars (box-1 wage income of the taxpayer). Definitions as in w2_deferrals_by_age.csv.
2018,"$20,000 under $25,000",10020279.0,225624410.0,2714246.0,59811729.0,3909536.0,"IRS SOI Form W-2 statistics Tables 1.B and 2.B (TY2018), https://www.irs.gov/pub/irs-soi/18inallw2.xls",27.09,1440.0,6.54,Size of wage income bins are nominal dollars (box-1 wage income of the taxpayer). Definitions as in w2_deferrals_by_age.csv.
2018,"$200,000 under $500,000",2798839.0,803335340.0,2313568.0,728228240.0,41624455.0,"IRS SOI Form W-2 statistics Tables 1.B and 2.B (TY2018), https://www.irs.gov/pub/irs-soi/18inallw2.xls",82.66,17991.0,5.72,Size of wage income bins are nominal dollars (box-1 wage income of the taxpayer). Definitions as in w2_deferrals_by_age.csv.
2018,"$25,000 under $30,000",9845443.0,270565447.0,3440360.0,91650439.0,5776788.0,"IRS SOI Form W-2 statistics Tables 1.B and 2.B (TY2018), https://www.irs.gov/pub/irs-soi/18inallw2.xls",34.94,1679.0,6.3,Size of wage income bins are nominal dollars (box-1 wage income of the taxpayer). Definitions as in w2_deferrals_by_age.csv.
2018,"$30,000 under $40,000",18206756.0,635108889.0,8069561.0,285968605.0,18133559.0,"IRS SOI Form W-2 statistics Tables 1.B and 2.B (TY2018), https://www.irs.gov/pub/irs-soi/18inallw2.xls",44.32,2247.0,6.34,Size of wage income bins are nominal dollars (box-1 wage income of the taxpayer). Definitions as in w2_deferrals_by_age.csv.
2018,"$40,000 under $50,000",14836774.0,664571299.0,7717204.0,357461218.0,23620136.0,"IRS SOI Form W-2 statistics Tables 1.B and 2.B (TY2018), https://www.irs.gov/pub/irs-soi/18inallw2.xls",52.01,3061.0,6.61,Size of wage income bins are nominal dollars (box-1 wage income of the taxpayer). Definitions as in w2_deferrals_by_age.csv.
2018,"$5,000 under $10,000",10741982.0,79905248.0,919093.0,7105306.0,1040873.0,"IRS SOI Form W-2 statistics Tables 1.B and 2.B (TY2018), https://www.irs.gov/pub/irs-soi/18inallw2.xls",8.56,1133.0,14.65,Size of wage income bins are nominal dollars (box-1 wage income of the taxpayer). Definitions as in w2_deferrals_by_age.csv.
2018,"$5,000,000 under $10,000,000",7432.0,50581267.0,5956.0,36701971.0,120411.0,"IRS SOI Form W-2 statistics Tables 1.B and 2.B (TY2018), https://www.irs.gov/pub/irs-soi/18inallw2.xls",80.14,20217.0,0.33,Size of wage income bins are nominal dollars (box-1 wage income of the taxpayer). Definitions as in w2_deferrals_by_age.csv.
2018,"$50,000 under $75,000",23398242.0,1425910136.0,14227507.0,931299677.0,65804790.0,"IRS SOI Form W-2 statistics Tables 1.B and 2.B (TY2018), https://www.irs.gov/pub/irs-soi/18inallw2.xls",60.81,4625.0,7.07,Size of wage income bins are nominal dollars (box-1 wage income of the taxpayer). Definitions as in w2_deferrals_by_age.csv.
2018,"$500,000 under $1,000,000",390442.0,259626796.0,331443.0,237444482.0,6873854.0,"IRS SOI Form W-2 statistics Tables 1.B and 2.B (TY2018), https://www.irs.gov/pub/irs-soi/18inallw2.xls",84.89,20739.0,2.89,Size of wage income bins are nominal dollars (box-1 wage income of the taxpayer). Definitions as in w2_deferrals_by_age.csv.
2018,"$75,000 under $100,000",11359739.0,976813873.0,7901840.0,747306832.0,57676170.0,"IRS SOI Form W-2 statistics Tables 1.B and 2.B (TY2018), https://www.irs.gov/pub/irs-soi/18inallw2.xls",69.56,7299.0,7.72,Size of wage income bins are nominal dollars (box-1 wage income of the taxpayer). Definitions as in w2_deferrals_by_age.csv.
2018,All,144631072.0,7525414148.0,60353306.0,5062371280.0,332519543.0,"IRS SOI Form W-2 statistics Tables 1.B and 2.B (TY2018), https://www.irs.gov/pub/irs-soi/18inallw2.xls",41.73,5510.0,6.57,Size of wage income bins are nominal dollars (box-1 wage income of the taxpayer). Definitions as in w2_deferrals_by_age.csv.
2019,"$1 under $5,000",11598743.0,28350826.0,560491.0,2624577.0,1083909.0,"IRS SOI Form W-2 statistics Tables 1.B and 2.B (TY2019), https://www.irs.gov/pub/irs-soi/19in02w2all.xlsx",4.83,1934.0,41.3,Size of wage income bins are nominal dollars (box-1 wage income of the taxpayer). Definitions as in w2_deferrals_by_age.csv.
2019,"$1,000,000 under $1,500,000",77498.0,92804290.0,66556.0,82787806.0,1449350.0,"IRS SOI Form W-2 statistics Tables 1.B and 2.B (TY2019), https://www.irs.gov/pub/irs-soi/19in02w2all.xlsx",85.88,21776.0,1.75,Size of wage income bins are nominal dollars (box-1 wage income of the taxpayer). Definitions as in w2_deferrals_by_age.csv.
2019,"$1,500,000 under $2,000,000",28103.0,48272124.0,23867.0,39988450.0,507806.0,"IRS SOI Form W-2 statistics Tables 1.B and 2.B (TY2019), https://www.irs.gov/pub/irs-soi/19in02w2all.xlsx",84.93,21276.0,1.27,Size of wage income bins are nominal dollars (box-1 wage income of the taxpayer). Definitions as in w2_deferrals_by_age.csv.
2019,"$10,000 under $15,000",9967607.0,124142662.0,1296680.0,16168654.0,1575526.0,"IRS SOI Form W-2 statistics Tables 1.B and 2.B (TY2019), https://www.irs.gov/pub/irs-soi/19in02w2all.xlsx",13.01,1215.0,9.74,Size of wage income bins are nominal dollars (box-1 wage income of the taxpayer). Definitions as in w2_deferrals_by_age.csv.
2019,"$10,000,000 and over",3652.0,76877950.0,2829.0,50487779.0,60195.0,"IRS SOI Form W-2 statistics Tables 1.B and 2.B (TY2019), https://www.irs.gov/pub/irs-soi/19in02w2all.xlsx",77.46,21278.0,0.12,Size of wage income bins are nominal dollars (box-1 wage income of the taxpayer). Definitions as in w2_deferrals_by_age.csv.
2019,"$100,000 under $200,000",12000141.0,1588416147.0,9270927.0,1380521441.0,108338215.0,"IRS SOI Form W-2 statistics Tables 1.B and 2.B (TY2019), https://www.irs.gov/pub/irs-soi/19in02w2all.xlsx",77.26,11686.0,7.85,Size of wage income bins are nominal dollars (box-1 wage income of the taxpayer). Definitions as in w2_deferrals_by_age.csv.
2019,"$15,000 under $20,000",9383244.0,164026650.0,1807111.0,30716271.0,2635715.0,"IRS SOI Form W-2 statistics Tables 1.B and 2.B (TY2019), https://www.irs.gov/pub/irs-soi/19in02w2all.xlsx",19.26,1459.0,8.58,Size of wage income bins are nominal dollars (box-1 wage income of the taxpayer). Definitions as in w2_deferrals_by_age.csv.
2019,"$2,000,000 under $5,000,000",35163.0,103077638.0,28821.0,80472053.0,615149.0,"IRS SOI Form W-2 statistics Tables 1.B and 2.B (TY2019), https://www.irs.gov/pub/irs-soi/19in02w2all.xlsx",81.96,21344.0,0.76,Size of wage income bins are nominal dollars (box-1 wage income of the taxpayer). Definitions as in w2_deferrals_by_age.csv.
2019,"$20,000 under $25,000",9752090.0,219476587.0,2662740.0,58767898.0,4064734.0,"IRS SOI Form W-2 statistics Tables 1.B and 2.B (TY2019), https://www.irs.gov/pub/irs-soi/19in02w2all.xlsx",27.3,1527.0,6.92,Size of wage income bins are nominal dollars (box-1 wage income of the taxpayer). Definitions as in w2_deferrals_by_age.csv.
2019,"$200,000 under $500,000",3056046.0,876912230.0,2547836.0,802436945.0,47182025.0,"IRS SOI Form W-2 statistics Tables 1.B and 2.B (TY2019), https://www.irs.gov/pub/irs-soi/19in02w2all.xlsx",83.37,18518.0,5.88,Size of wage income bins are nominal dollars (box-1 wage income of the taxpayer). Definitions as in w2_deferrals_by_age.csv.
2019,"$25,000 under $30,000",10158304.0,279022476.0,3568689.0,97576340.0,6367752.0,"IRS SOI Form W-2 statistics Tables 1.B and 2.B (TY2019), https://www.irs.gov/pub/irs-soi/19in02w2all.xlsx",35.13,1784.0,6.53,Size of wage income bins are nominal dollars (box-1 wage income of the taxpayer). Definitions as in w2_deferrals_by_age.csv.
2019,"$30,000 under $40,000",18708059.0,651530081.0,8154808.0,291622014.0,18240298.0,"IRS SOI Form W-2 statistics Tables 1.B and 2.B (TY2019), https://www.irs.gov/pub/irs-soi/19in02w2all.xlsx",43.59,2237.0,6.25,Size of wage income bins are nominal dollars (box-1 wage income of the taxpayer). Definitions as in w2_deferrals_by_age.csv.
2019,"$40,000 under $50,000",15277074.0,684566507.0,7900435.0,371552738.0,24568017.0,"IRS SOI Form W-2 statistics Tables 1.B and 2.B (TY2019), https://www.irs.gov/pub/irs-soi/19in02w2all.xlsx",51.71,3110.0,6.61,Size of wage income bins are nominal dollars (box-1 wage income of the taxpayer). Definitions as in w2_deferrals_by_age.csv.
2019,"$5,000 under $10,000",10442592.0,77738093.0,921121.0,7880889.0,1271173.0,"IRS SOI Form W-2 statistics Tables 1.B and 2.B (TY2019), https://www.irs.gov/pub/irs-soi/19in02w2all.xlsx",8.82,1380.0,16.13,Size of wage income bins are nominal dollars (box-1 wage income of the taxpayer). Definitions as in w2_deferrals_by_age.csv.
2019,"$5,000,000 under $10,000,000",7322.0,49916964.0,5916.0,36818093.0,125271.0,"IRS SOI Form W-2 statistics Tables 1.B and 2.B (TY2019), https://www.irs.gov/pub/irs-soi/19in02w2all.xlsx",80.8,21175.0,0.34,Size of wage income bins are nominal dollars (box-1 wage income of the taxpayer). Definitions as in w2_deferrals_by_age.csv.
2019,"$50,000 under $75,000",24397300.0,1486107494.0,14694878.0,980791278.0,67731923.0,"IRS SOI Form W-2 statistics Tables 1.B and 2.B (TY2019), https://www.irs.gov/pub/irs-soi/19in02w2all.xlsx",60.23,4609.0,6.91,Size of wage income bins are nominal dollars (box-1 wage income of the taxpayer). Definitions as in w2_deferrals_by_age.csv.
2019,"$500,000 under $1,000,000",429662.0,286424537.0,368508.0,265490192.0,7944285.0,"IRS SOI Form W-2 statistics Tables 1.B and 2.B (TY2019), https://www.irs.gov/pub/irs-soi/19in02w2all.xlsx",85.77,21558.0,2.99,Size of wage income bins are nominal dollars (box-1 wage income of the taxpayer). Definitions as in w2_deferrals_by_age.csv.
2019,"$75,000 under $100,000",11770424.0,1011856440.0,8156168.0,782109932.0,59109623.0,"IRS SOI Form W-2 statistics Tables 1.B and 2.B (TY2019), https://www.irs.gov/pub/irs-soi/19in02w2all.xlsx",69.29,7247.0,7.56,Size of wage income bins are nominal dollars (box-1 wage income of the taxpayer). Definitions as in w2_deferrals_by_age.csv.
2019,All,147093024.0,7849519696.0,62038381.0,5378813351.0,352870967.0,"IRS SOI Form W-2 statistics Tables 1.B and 2.B (TY2019), https://www.irs.gov/pub/irs-soi/19in02w2all.xlsx",42.18,5688.0,6.56,Size of wage income bins are nominal dollars (box-1 wage income of the taxpayer). Definitions as in w2_deferrals_by_age.csv.
2020,"$1 under $5,000",13327470.0,31901602.0,737882.0,3196978.0,1170864.0,"IRS SOI Form W-2 statistics Tables 1.B and 2.B (TY2020), https://www.irs.gov/pub/irs-soi/20in02w2all.xlsx",5.54,1587.0,36.62,Size of wage income bins are nominal dollars (box-1 wage income of the taxpayer). Definitions as in w2_deferrals_by_age.csv.
2020,"$1,000,000 under $1,500,000",81976.0,98206172.0,71343.0,88188209.0,1571000.0,"IRS SOI Form W-2 statistics Tables 1.B and 2.B (TY2020), https://www.irs.gov/pub/irs-soi/20in02w2all.xlsx",87.03,22020.0,1.78,Size of wage income bins are nominal dollars (box-1 wage income of the taxpayer). Definitions as in w2_deferrals_by_age.csv.
2020,"$1,500,000 under $2,000,000",29482.0,50700640.0,25125.0,42707729.0,537937.0,"IRS SOI Form W-2 statistics Tables 1.B and 2.B (TY2020), https://www.irs.gov/pub/irs-soi/20in02w2all.xlsx",85.22,21410.0,1.26,Size of wage income bins are nominal dollars (box-1 wage income of the taxpayer). Definitions as in w2_deferrals_by_age.csv.
2020,"$10,000 under $15,000",9869689.0,122824475.0,1618563.0,19503188.0,1828069.0,"IRS SOI Form W-2 statistics Tables 1.B and 2.B (TY2020), https://www.irs.gov/pub/irs-soi/20in02w2all.xlsx",16.4,1129.0,9.37,Size of wage income bins are nominal dollars (box-1 wage income of the taxpayer). Definitions as in w2_deferrals_by_age.csv.
2020,"$10,000,000 and over",4316.0,100301233.0,3461.0,70563312.0,73975.0,"IRS SOI Form W-2 statistics Tables 1.B and 2.B (TY2020), https://www.irs.gov/pub/irs-soi/20in02w2all.xlsx",80.19,21374.0,0.1,Size of wage income bins are nominal dollars (box-1 wage income of the taxpayer). Definitions as in w2_deferrals_by_age.csv.
2020,"$100,000 under $200,000",12544378.0,1662041052.0,9787819.0,1479874111.0,127256809.0,"IRS SOI Form W-2 statistics Tables 1.B and 2.B (TY2020), https://www.irs.gov/pub/irs-soi/20in02w2all.xlsx",78.03,13002.0,8.6,Size of wage income bins are nominal dollars (box-1 wage income of the taxpayer). Definitions as in w2_deferrals_by_age.csv.
2020,"$15,000 under $20,000",9052298.0,158010032.0,1910151.0,32494735.0,2548356.0,"IRS SOI Form W-2 statistics Tables 1.B and 2.B (TY2020), https://www.irs.gov/pub/irs-soi/20in02w2all.xlsx",21.1,1334.0,7.84,Size of wage income bins are nominal dollars (box-1 wage income of the taxpayer). Definitions as in w2_deferrals_by_age.csv.
2020,"$2,000,000 under $5,000,000",39449.0,116015092.0,32901.0,91500235.0,708738.0,"IRS SOI Form W-2 statistics Tables 1.B and 2.B (TY2020), https://www.irs.gov/pub/irs-soi/20in02w2all.xlsx",83.4,21542.0,0.77,Size of wage income bins are nominal dollars (box-1 wage income of the taxpayer). Definitions as in w2_deferrals_by_age.csv.
2020,"$20,000 under $25,000",8966692.0,201604621.0,2526012.0,56443920.0,4155355.0,"IRS SOI Form W-2 statistics Tables 1.B and 2.B (TY2020), https://www.irs.gov/pub/irs-soi/20in02w2all.xlsx",28.17,1645.0,7.36,Size of wage income bins are nominal dollars (box-1 wage income of the taxpayer). Definitions as in w2_deferrals_by_age.csv.
2020,"$200,000 under $500,000",3215115.0,925049577.0,2714407.0,870229458.0,50534547.0,"IRS SOI Form W-2 statistics Tables 1.B and 2.B (TY2020), https://www.irs.gov/pub/irs-soi/20in02w2all.xlsx",84.43,18617.0,5.81,Size of wage income bins are nominal dollars (box-1 wage income of the taxpayer). Definitions as in w2_deferrals_by_age.csv.
2020,"$25,000 under $30,000",9267361.0,254684717.0,3279240.0,91420615.0,5837874.0,"IRS SOI Form W-2 statistics Tables 1.B and 2.B (TY2020), https://www.irs.gov/pub/irs-soi/20in02w2all.xlsx",35.38,1780.0,6.39,Size of wage income bins are nominal dollars (box-1 wage income of the taxpayer). Definitions as in w2_deferrals_by_age.csv.
2020,"$30,000 under $40,000",17467429.0,609680156.0,7711198.0,278931395.0,18490310.0,"IRS SOI Form W-2 statistics Tables 1.B and 2.B (TY2020), https://www.irs.gov/pub/irs-soi/20in02w2all.xlsx",44.15,2398.0,6.63,Size of wage income bins are nominal dollars (box-1 wage income of the taxpayer). Definitions as in w2_deferrals_by_age.csv.
2020,"$40,000 under $50,000",14645111.0,656919501.0,7623427.0,366633423.0,24196430.0,"IRS SOI Form W-2 statistics Tables 1.B and 2.B (TY2020), https://www.irs.gov/pub/irs-soi/20in02w2all.xlsx",52.05,3174.0,6.6,Size of wage income bins are nominal dollars (box-1 wage income of the taxpayer). Definitions as in w2_deferrals_by_age.csv.
2020,"$5,000 under $10,000",11168879.0,82946520.0,1147916.0,9217423.0,1228881.0,"IRS SOI Form W-2 statistics Tables 1.B and 2.B (TY2020), https://www.irs.gov/pub/irs-soi/20in02w2all.xlsx",10.28,1071.0,13.33,Size of wage income bins are nominal dollars (box-1 wage income of the taxpayer). Definitions as in w2_deferrals_by_age.csv.
2020,"$5,000,000 under $10,000,000",8504.0,57539526.0,6993.0,42859164.0,151620.0,"IRS SOI Form W-2 statistics Tables 1.B and 2.B (TY2020), https://www.irs.gov/pub/irs-soi/20in02w2all.xlsx",82.23,21682.0,0.35,Size of wage income bins are nominal dollars (box-1 wage income of the taxpayer). Definitions as in w2_deferrals_by_age.csv.
2020,"$50,000 under $75,000",24061637.0,1466276451.0,14609074.0,981753920.0,68465532.0,"IRS SOI Form W-2 statistics Tables 1.B and 2.B (TY2020), https://www.irs.gov/pub/irs-soi/20in02w2all.xlsx",60.72,4687.0,6.97,Size of wage income bins are nominal dollars (box-1 wage income of the taxpayer). Definitions as in w2_deferrals_by_age.csv.
2020,"$500,000 under $1,000,000",463015.0,307287245.0,404748.0,288800955.0,8774109.0,"IRS SOI Form W-2 statistics Tables 1.B and 2.B (TY2020), https://www.irs.gov/pub/irs-soi/20in02w2all.xlsx",87.42,21678.0,3.04,Size of wage income bins are nominal dollars (box-1 wage income of the taxpayer). Definitions as in w2_deferrals_by_age.csv.
2020,"$75,000 under $100,000",11940113.0,1028360121.0,8390607.0,815017164.0,61713579.0,"IRS SOI Form W-2 statistics Tables 1.B and 2.B (TY2020), https://www.irs.gov/pub/irs-soi/20in02w2all.xlsx",70.27,7355.0,7.57,Size of wage income bins are nominal dollars (box-1 wage income of the taxpayer). Definitions as in w2_deferrals_by_age.csv.
2020,All,146152914.0,7930348735.0,62600867.0,5629335933.0,379243982.0,"IRS SOI Form W-2 statistics Tables 1.B and 2.B (TY2020), https://www.irs.gov/pub/irs-soi/20in02w2all.xlsx",42.83,6058.0,6.74,Size of wage income bins are nominal dollars (box-1 wage income of the taxpayer). Definitions as in w2_deferrals_by_age.csv.
