year,irmaa_payers,irmaa_aggregate_billion,partb_enrollment,pct_of_partb_enrollees,projected
2007,1700000.0,0.7,,,False
2008,2000000.0,1.8,,,False
2009,2200000.0,2.9,,,False
2010,1900000.0,2.7,43882000.0,4.33,False
2011,1600000.0,2.3,,,False
2012,1900000.0,2.4,,,False
2013,2200000.0,2.9,,,False
2014,2600000.0,3.4,,,False
2015,2900000.0,3.8,50756000.0,5.714,False
2016,3300000.0,5.2,52094000.0,6.335,False
2017,3500000.0,6.0,53446000.0,6.549,False
2018,3700000.0,7.0,54679000.0,6.767,False
2019,4300000.0,8.4,56019000.0,7.676,False
2020,4700000.0,10.0,57320000.0,8.2,False
2021,4800000.0,10.5,58393000.0,8.22,False
2022,4400000.0,11.1,59502000.0,7.395,False
2023,5300000.0,13.4,60803000.0,8.717,False
2024,4800000.0,12.8,62106000.0,7.729,False
2025,5100000.0,14.1,63448000.0,8.038,False
2026,6100000.0,18.8,64802000.0,9.413,False
2027,6600000.0,20.9,66399000.0,9.94,True
2028,7000000.0,24.1,68110000.0,10.277,True
2029,7500000.0,27.1,69537000.0,10.786,True
2030,8000000.0,30.8,,,True
2031,8400000.0,34.6,,,True
2032,8800000.0,38.8,,,True
2033,9300000.0,44.0,,,True
2034,9700000.0,49.9,,,True
2035,10200000.0,55.8,,,True
