year,lfpr_55_64,lfpr_65plus,months_averaged,note
1986,54.0,10.9,12,
1987,54.4,11.1,12,
1988,54.6,11.5,12,
1989,55.5,11.8,12,
1990,55.9,11.8,12,
1991,55.5,11.5,12,
1992,56.2,11.5,12,
1993,56.4,11.2,12,
1994,56.8,12.4,12,
1995,57.2,12.2,12,
1996,57.9,12.0,12,
1997,58.9,12.2,12,
1998,59.3,11.9,12,
1999,59.3,12.3,12,
2000,59.2,12.9,12,
2001,60.4,13.0,12,
2002,61.9,13.2,12,
2003,62.4,14.0,12,
2004,62.3,14.4,12,
2005,62.9,15.0,12,
2006,63.7,15.4,12,
2007,63.8,16.0,12,
2008,64.5,16.8,12,
2009,64.9,17.2,12,
2010,64.9,17.3,12,
2011,64.2,17.9,12,
2012,64.5,18.5,12,
2013,64.4,18.7,12,
2014,64.1,18.6,12,
2015,63.9,18.9,12,
2016,64.1,19.3,12,
2017,64.5,19.3,12,
2018,65.0,19.6,12,
2019,65.3,20.2,12,
2020,64.7,19.4,12,
2021,64.6,18.9,12,
2022,65.1,19.2,12,
2023,65.8,19.2,12,
2024,65.9,19.5,12,
2025,66.6,19.1,11,October 2025 not published (federal shutdown); 11-month average
