group,stat,1989,1989_se,1992,1992_se,1995,1995_se,1998,1998_se,2001,2001_se,2004,2004_se,2007,2007_se,2010,2010_se,2013,2013_se,2016,2016_se,2019,2019_se,2022,2022_se
65+,mean_hh_share_ss,52.03,1.49,52.42,1.27,51.94,1.11,51.11,1.15,53.55,1.08,52.93,0.79,51.17,1.02,51.37,0.91,51.64,0.7,49.78,0.62,47.32,0.78,49.12,0.98
65+,mean_hh_share_pen_plus_acctwd,16.02,0.84,14.9,0.88,16.44,0.76,17.63,0.96,16.24,0.9,22.99,0.97,21.58,0.73,21.95,0.76,23.0,0.63,23.61,0.61,22.54,0.67,20.67,0.79
65+,mean_hh_share_wage,8.8,0.79,10.53,0.84,10.79,0.77,12.64,0.88,12.68,0.77,12.34,0.71,12.76,0.63,14.07,0.57,14.04,0.54,13.1,0.5,15.34,0.61,14.32,0.59
65+,mean_hh_share_capital,18.9,1.42,17.95,0.88,16.48,0.97,15.67,0.82,14.81,0.74,9.77,0.69,12.49,0.58,9.28,0.46,8.15,0.42,10.25,0.39,9.8,0.43,11.99,0.61
65+,pct_ss_ge50pct_of_income,54.29,2.3,52.19,1.94,50.99,1.73,48.54,1.6,50.14,1.74,50.04,1.29,48.49,1.6,49.84,1.52,51.18,1.17,48.47,1.05,44.29,1.45,46.21,1.54
65+,pct_ss_ge90pct_of_income,16.03,1.43,23.05,1.63,23.23,1.52,24.97,1.41,24.23,1.33,19.72,1.33,19.96,1.2,17.48,1.1,18.29,0.97,16.82,0.87,15.45,0.92,17.28,1.32
65+,mean_income_2022usd,73313.3,7972.79,55094.97,1781.05,68957.84,4133.44,68691.78,2808.8,77590.12,3109.37,76497.37,2543.11,96414.48,4407.7,82439.22,2593.51,96324.79,3285.2,113002.85,4347.96,109446.81,3512.44,128787.57,5084.42
55-64,mean_hh_share_ss,9.96,0.89,12.38,1.37,13.92,1.32,9.51,0.99,11.76,1.11,11.58,0.89,10.96,0.94,11.44,0.63,12.95,0.73,13.25,0.65,14.15,0.77,13.34,1.1
55-64,mean_hh_share_pen_plus_acctwd,9.84,0.86,10.01,1.02,9.39,0.88,8.09,0.89,7.62,0.66,10.64,0.85,9.85,0.74,9.96,0.52,10.91,0.59,9.41,0.54,7.49,0.52,5.96,0.51
55-64,mean_hh_share_wage,56.17,1.87,57.8,2.11,60.32,1.71,66.03,1.46,65.11,1.5,61.63,1.48,60.91,1.63,58.9,0.96,58.17,1.03,56.95,0.8,59.27,1.05,58.8,1.31
55-64,mean_hh_share_capital,14.18,1.32,12.44,0.89,10.57,0.83,10.03,0.76,11.25,0.75,11.39,0.68,12.21,0.78,11.37,0.63,10.12,0.53,11.85,0.51,12.14,0.59,13.29,0.89
55-64,pct_ss_ge50pct_of_income,7.87,1.09,11.74,1.42,12.19,1.55,8.24,1.07,10.67,1.26,10.76,1.02,10.16,1.07,10.52,0.77,11.64,0.76,12.83,0.81,13.51,0.85,13.04,1.31
55-64,pct_ss_ge90pct_of_income,3.33,0.46,6.05,1.17,5.38,1.04,5.16,0.9,6.56,1.15,5.78,0.63,3.59,0.67,4.56,0.47,5.46,0.54,4.31,0.4,6.46,0.71,5.15,0.81
55-64,mean_income_2022usd,109313.04,12353.64,115271.97,6268.97,111483.54,5758.38,141233.28,9860.86,156311.63,10846.66,155270.32,5696.08,157706.17,6768.26,143431.08,6090.41,138726.22,7027.68,172270.98,8754.94,151696.04,5483.61,175843.7,8238.19
65-74,mean_hh_share_ss,47.27,1.97,49.51,1.49,47.25,1.37,42.75,1.47,47.96,1.88,46.47,1.3,43.88,1.66,44.56,1.14,44.05,1.0,44.13,0.89,40.64,0.96,42.56,1.32
65-74,mean_hh_share_pen_plus_acctwd,18.13,1.17,16.06,1.07,16.28,0.96,18.16,1.28,16.02,1.22,22.16,1.14,19.72,1.06,18.82,0.84,21.4,0.88,22.45,0.88,20.4,0.84,17.88,0.95
65-74,mean_hh_share_wage,13.15,1.22,15.39,1.19,16.75,1.22,21.19,1.56,18.57,1.33,20.19,1.21,22.02,1.23,22.73,0.98,22.09,0.94,19.52,0.8,22.68,0.96,21.53,1.0
65-74,mean_hh_share_capital,16.96,1.81,16.2,1.08,13.94,0.99,14.33,1.1,14.65,0.94,9.35,0.76,12.44,0.92,9.74,0.63,8.63,0.57,10.12,0.56,10.24,0.62,12.71,0.87
65-74,pct_ss_ge50pct_of_income,48.06,3.04,49.96,2.2,46.83,2.2,37.28,1.83,41.32,2.77,40.64,2.2,39.12,2.64,39.3,1.85,41.97,1.5,41.32,1.4,36.33,1.56,39.08,1.8
65-74,pct_ss_ge90pct_of_income,13.75,1.86,18.47,1.8,19.78,1.63,19.24,1.67,21.77,1.98,14.44,1.49,14.47,1.73,15.02,1.05,14.85,1.11,13.17,0.97,12.86,1.08,13.85,1.4
65-74,mean_income_2022usd,75597.95,7325.18,60424.98,2777.78,80792.5,6391.22,88209.34,4985.18,94531.97,5654.22,91348.76,3783.25,130860.59,7963.41,101364.2,4361.11,123262.99,5642.61,129215.74,7471.22,126473.09,5559.53,143686.68,7306.28
75+,mean_hh_share_ss,58.78,2.22,56.34,2.13,57.68,1.74,60.36,1.74,59.35,1.66,59.18,1.24,58.36,1.2,58.68,1.1,60.78,1.08,56.92,1.03,56.4,1.31,57.92,1.32
75+,mean_hh_share_pen_plus_acctwd,13.03,1.22,13.34,1.39,16.63,1.28,17.03,1.29,16.47,1.27,23.8,1.48,23.41,1.16,25.32,1.08,24.93,0.92,25.09,0.96,25.43,1.11,24.41,1.26
75+,mean_hh_share_wage,2.64,0.7,4.0,1.05,3.51,0.74,3.18,0.48,6.57,0.87,4.75,0.66,3.64,0.56,4.77,0.54,4.36,0.48,4.98,0.53,5.36,0.48,4.65,0.55
75+,mean_hh_share_capital,21.65,1.81,20.31,1.77,19.58,1.42,17.15,1.25,14.98,1.14,10.17,1.07,12.54,0.87,8.8,0.72,7.56,0.6,10.43,0.62,9.19,0.54,11.02,0.84
75+,pct_ss_ge50pct_of_income,63.12,3.11,55.18,2.91,56.09,2.29,60.91,2.68,59.26,2.42,59.24,2.2,57.78,2.16,61.13,1.89,62.26,2.05,57.5,1.75,55.11,2.36,55.77,2.59
75+,pct_ss_ge90pct_of_income,19.25,2.96,29.2,2.67,27.47,2.5,31.28,2.53,26.78,2.08,24.89,1.85,25.4,1.7,20.11,1.65,22.43,1.66,21.44,1.45,18.98,1.73,21.87,2.42
75+,mean_income_2022usd,70077.97,15669.67,47930.79,2282.32,54443.99,5089.76,47228.51,2350.4,60050.65,2874.48,61971.91,3289.77,62274.23,3815.18,62173.21,2439.49,63907.68,2871.15,92530.11,3631.6,86289.13,3583.65,108803.16,5891.38
all,mean_hh_share_ss,13.36,0.36,13.91,0.37,14.12,0.33,12.98,0.28,14.17,0.28,14.09,0.23,14.08,0.27,14.58,0.29,16.05,0.24,16.33,0.21,16.23,0.27,17.18,0.36
all,mean_hh_share_pen_plus_acctwd,5.2,0.24,4.94,0.24,5.45,0.21,5.44,0.23,4.96,0.21,7.22,0.23,6.8,0.22,7.27,0.19,8.19,0.22,8.32,0.2,7.98,0.22,7.56,0.24
all,mean_hh_share_wage,62.46,0.67,62.7,0.58,63.93,0.48,66.48,0.42,67.7,0.41,65.62,0.44,63.25,0.43,60.76,0.31,59.55,0.32,58.86,0.29,59.92,0.38,58.12,0.43
all,mean_hh_share_capital,10.88,0.53,10.07,0.31,8.63,0.29,8.96,0.31,8.39,0.24,7.58,0.28,9.58,0.27,8.48,0.22,7.55,0.2,8.98,0.18,9.32,0.22,10.21,0.32
all,pct_ss_ge50pct_of_income,13.53,0.53,13.62,0.49,13.57,0.44,12.29,0.36,13.14,0.41,13.29,0.32,13.35,0.38,14.02,0.42,15.65,0.32,15.84,0.29,15.25,0.4,16.24,0.5
all,pct_ss_ge90pct_of_income,4.22,0.31,6.21,0.4,6.14,0.36,6.23,0.33,6.57,0.31,5.65,0.29,5.49,0.29,5.0,0.27,5.76,0.26,5.56,0.24,5.63,0.3,5.97,0.4
all,mean_income_2022usd,96179.63,4398.89,91659.17,3382.21,93439.56,1776.07,101703.28,2214.35,117854.67,3154.56,110760.16,1800.3,119583.3,1893.37,106822.16,1715.69,109984.52,1900.41,125614.78,2347.65,123576.39,1938.21,141988.3,4216.89
