asec_year,income_year,file,sex,age_at_interview,pct_receiving_ss,n
2010,2009,production,both,60-61,12.3,4056
2010,2009,production,men,60-61,12.4,2007
2010,2009,production,women,60-61,12.2,2049
2010,2009,production,both,62,29.0,1918
2010,2009,production,men,62,26.6,918
2010,2009,production,women,62,31.1,1000
2010,2009,production,both,63-64,41.8,3310
2010,2009,production,men,63-64,38.3,1556
2010,2009,production,women,63-64,44.9,1754
2010,2009,production,both,65-66,69.4,3092
2010,2009,production,men,65-66,68.3,1557
2010,2009,production,women,65-66,70.5,1535
2010,2009,production,both,67-69,83.2,3922
2010,2009,production,men,67-69,82.4,1765
2010,2009,production,women,67-69,83.8,2157
2010,2009,production,both,70-74,88.0,5166
2010,2009,production,men,70-74,88.8,2300
2010,2009,production,women,70-74,87.3,2866
2011,2010,production,both,60-61,12.4,4255
2011,2010,production,men,60-61,11.9,2112
2011,2010,production,women,60-61,12.8,2143
2011,2010,production,both,62,27.9,1936
2011,2010,production,men,62,25.9,956
2011,2010,production,women,62,29.9,980
2011,2010,production,both,63-64,45.1,3806
2011,2010,production,men,63-64,44.2,1807
2011,2010,production,women,63-64,46.0,1999
2011,2010,production,both,65-66,65.5,2958
2011,2010,production,men,65-66,64.9,1376
2011,2010,production,women,65-66,66.0,1582
2011,2010,production,both,67-69,81.4,3957
2011,2010,production,men,67-69,82.4,1793
2011,2010,production,women,67-69,80.7,2164
2011,2010,production,both,70-74,87.2,5264
2011,2010,production,men,70-74,86.6,2383
2011,2010,production,women,70-74,87.7,2881
2012,2011,production,both,60-61,12.1,4196
2012,2011,production,men,60-61,11.0,2037
2012,2011,production,women,60-61,13.2,2159
2012,2011,production,both,62,26.2,1886
2012,2011,production,men,62,25.6,900
2012,2011,production,women,62,26.7,986
2012,2011,production,both,63-64,43.2,3874
2012,2011,production,men,63-64,42.3,1800
2012,2011,production,women,63-64,43.9,2074
2012,2011,production,both,65-66,66.1,3233
2012,2011,production,men,65-66,62.4,1568
2012,2011,production,women,65-66,69.4,1665
2012,2011,production,both,67-69,83.3,4149
2012,2011,production,men,67-69,83.2,1998
2012,2011,production,women,67-69,83.3,2151
2012,2011,production,both,70-74,87.6,5330
2012,2011,production,men,70-74,87.7,2426
2012,2011,production,women,70-74,87.6,2904
2013,2012,production,both,60-61,12.5,4261
2013,2012,production,men,60-61,11.5,2036
2013,2012,production,women,60-61,13.4,2225
2013,2012,production,both,62,25.9,2021
2013,2012,production,men,62,25.3,934
2013,2012,production,women,62,26.4,1087
2013,2012,production,both,63-64,41.6,3707
2013,2012,production,men,63-64,40.6,1741
2013,2012,production,women,63-64,42.4,1966
2013,2012,production,both,65-66,66.2,3811
2013,2012,production,men,65-66,64.4,1813
2013,2012,production,women,65-66,67.8,1998
2013,2012,production,both,67-69,80.9,4146
2013,2012,production,men,67-69,80.1,2019
2013,2012,production,women,67-69,81.6,2127
2013,2012,production,both,70-74,87.9,5727
2013,2012,production,men,70-74,87.7,2579
2013,2012,production,women,70-74,88.0,3148
2014,2013,redesign_3x8,both,60-61,11.6,1420
2014,2013,redesign_3x8,men,60-61,10.6,694
2014,2013,redesign_3x8,women,60-61,12.5,726
2014,2013,redesign_3x8,both,62,25.6,621
2014,2013,redesign_3x8,men,62,23.5,298
2014,2013,redesign_3x8,women,62,27.5,323
2014,2013,redesign_3x8,both,63-64,38.4,1091
2014,2013,redesign_3x8,men,63-64,33.7,502
2014,2013,redesign_3x8,women,63-64,42.2,589
2014,2013,redesign_3x8,both,65-66,65.2,1142
2014,2013,redesign_3x8,men,65-66,63.7,536
2014,2013,redesign_3x8,women,65-66,66.6,606
2014,2013,redesign_3x8,both,67-69,79.8,1514
2014,2013,redesign_3x8,men,67-69,79.5,715
2014,2013,redesign_3x8,women,67-69,80.1,799
2014,2013,redesign_3x8,both,70-74,86.7,1891
2014,2013,redesign_3x8,men,70-74,87.3,881
2014,2013,redesign_3x8,women,70-74,86.3,1010
2014,2013,traditional_5x8,both,60-61,13.0,3014
2014,2013,traditional_5x8,men,60-61,13.1,1412
2014,2013,traditional_5x8,women,60-61,12.9,1602
2014,2013,traditional_5x8,both,62,23.8,1459
2014,2013,traditional_5x8,men,62,20.6,697
2014,2013,traditional_5x8,women,62,26.9,762
2014,2013,traditional_5x8,both,63-64,39.5,2678
2014,2013,traditional_5x8,men,63-64,36.7,1289
2014,2013,traditional_5x8,women,63-64,42.1,1389
2014,2013,traditional_5x8,both,65-66,63.3,2619
2014,2013,traditional_5x8,men,65-66,61.9,1197
2014,2013,traditional_5x8,women,65-66,64.5,1422
2014,2013,traditional_5x8,both,67-69,78.3,3084
2014,2013,traditional_5x8,men,67-69,78.0,1456
2014,2013,traditional_5x8,women,67-69,78.5,1628
2014,2013,traditional_5x8,both,70-74,86.3,3922
2014,2013,traditional_5x8,men,70-74,86.2,1804
2014,2013,traditional_5x8,women,70-74,86.4,2118
2015,2014,production,both,60-61,12.1,4534
2015,2014,production,men,60-61,11.0,2185
2015,2014,production,women,60-61,13.1,2349
2015,2014,production,both,62,24.6,2094
2015,2014,production,men,62,23.6,1004
2015,2014,production,women,62,25.4,1090
2015,2014,production,both,63-64,38.0,3937
2015,2014,production,men,63-64,35.8,1913
2015,2014,production,women,63-64,40.1,2024
2015,2014,production,both,65-66,63.7,3824
2015,2014,production,men,65-66,62.5,1823
2015,2014,production,women,65-66,64.7,2001
2015,2014,production,both,67-69,78.8,4940
2015,2014,production,men,67-69,77.2,2277
2015,2014,production,women,67-69,80.3,2663
2015,2014,production,both,70-74,85.6,6021
2015,2014,production,men,70-74,85.5,2758
2015,2014,production,women,70-74,85.8,3263
2016,2015,production,both,60-61,12.3,4227
2016,2015,production,men,60-61,11.6,2024
2016,2015,production,women,60-61,13.0,2203
2016,2015,production,both,62,23.8,1973
2016,2015,production,men,62,24.1,932
2016,2015,production,women,62,23.5,1041
2016,2015,production,both,63-64,36.7,3712
2016,2015,production,men,63-64,34.4,1706
2016,2015,production,women,63-64,38.7,2006
2016,2015,production,both,65-66,59.7,3581
2016,2015,production,men,65-66,57.4,1728
2016,2015,production,women,65-66,61.8,1853
2016,2015,production,both,67-69,79.9,4856
2016,2015,production,men,67-69,77.4,2254
2016,2015,production,women,67-69,82.1,2602
2016,2015,production,both,70-74,86.0,5696
2016,2015,production,men,70-74,86.1,2583
2016,2015,production,women,70-74,85.8,3113
2017,2016,production,both,60-61,11.9,4248
2017,2016,production,men,60-61,10.9,2038
2017,2016,production,women,60-61,12.9,2210
2017,2016,production,both,62,21.8,2037
2017,2016,production,men,62,19.2,944
2017,2016,production,women,62,24.0,1093
2017,2016,production,both,63-64,34.5,3784
2017,2016,production,men,63-64,30.6,1777
2017,2016,production,women,63-64,37.9,2007
2017,2016,production,both,65-66,58.1,3630
2017,2016,production,men,65-66,54.7,1710
2017,2016,production,women,65-66,61.1,1920
2017,2016,production,both,67-69,78.4,4938
2017,2016,production,men,67-69,77.7,2348
2017,2016,production,women,67-69,79.1,2590
2017,2016,production,both,70-74,86.4,6431
2017,2016,production,men,70-74,86.2,2963
2017,2016,production,women,70-74,86.7,3468
2017,2016,research_updated,both,60-61,11.9,4242
2017,2016,research_updated,men,60-61,11.1,2032
2017,2016,research_updated,women,60-61,12.8,2210
2017,2016,research_updated,both,62,21.6,2043
2017,2016,research_updated,men,62,18.6,957
2017,2016,research_updated,women,62,24.1,1086
2017,2016,research_updated,both,63-64,34.7,3783
2017,2016,research_updated,men,63-64,30.7,1773
2017,2016,research_updated,women,63-64,38.1,2010
2017,2016,research_updated,both,65-66,58.7,3619
2017,2016,research_updated,men,65-66,54.8,1705
2017,2016,research_updated,women,65-66,62.1,1914
2017,2016,research_updated,both,67-69,78.4,4913
2017,2016,research_updated,men,67-69,77.1,2332
2017,2016,research_updated,women,67-69,79.5,2581
2017,2016,research_updated,both,70-74,85.8,6447
2017,2016,research_updated,men,70-74,85.9,2969
2017,2016,research_updated,women,70-74,85.7,3478
2018,2017,bridge_updated,both,60-61,12.0,4174
2018,2017,bridge_updated,men,60-61,11.2,1906
2018,2017,bridge_updated,women,60-61,12.7,2268
2018,2017,bridge_updated,both,62,21.4,1994
2018,2017,bridge_updated,men,62,20.7,954
2018,2017,bridge_updated,women,62,22.1,1040
2018,2017,bridge_updated,both,63-64,33.8,3902
2018,2017,bridge_updated,men,63-64,31.9,1842
2018,2017,bridge_updated,women,63-64,35.5,2060
2018,2017,bridge_updated,both,65-66,59.0,3589
2018,2017,bridge_updated,men,65-66,57.1,1684
2018,2017,bridge_updated,women,65-66,60.6,1905
2018,2017,bridge_updated,both,67-69,76.7,4906
2018,2017,bridge_updated,men,67-69,74.4,2300
2018,2017,bridge_updated,women,67-69,78.8,2606
2018,2017,bridge_updated,both,70-74,85.8,6761
2018,2017,bridge_updated,men,70-74,86.2,3178
2018,2017,bridge_updated,women,70-74,85.4,3583
2018,2017,production,both,60-61,12.2,4216
2018,2017,production,men,60-61,11.5,1942
2018,2017,production,women,60-61,12.8,2274
2018,2017,production,both,62,22.2,2018
2018,2017,production,men,62,21.1,950
2018,2017,production,women,62,23.1,1068
2018,2017,production,both,63-64,33.6,3846
2018,2017,production,men,63-64,32.2,1816
2018,2017,production,women,63-64,34.9,2030
2018,2017,production,both,65-66,58.8,3606
2018,2017,production,men,65-66,56.1,1700
2018,2017,production,women,65-66,61.2,1906
2018,2017,production,both,67-69,77.0,4941
2018,2017,production,men,67-69,74.3,2316
2018,2017,production,women,67-69,79.5,2625
2018,2017,production,both,70-74,85.7,6763
2018,2017,production,men,70-74,86.0,3168
2018,2017,production,women,70-74,85.4,3595
2019,2018,production,both,60-61,11.9,4324
2019,2018,production,men,60-61,11.1,2088
2019,2018,production,women,60-61,12.6,2236
2019,2018,production,both,62,22.6,2106
2019,2018,production,men,62,23.5,1008
2019,2018,production,women,62,21.7,1098
2019,2018,production,both,63-64,33.3,4111
2019,2018,production,men,63-64,31.2,1931
2019,2018,production,women,63-64,35.2,2180
2019,2018,production,both,65-66,59.1,3692
2019,2018,production,men,65-66,56.6,1764
2019,2018,production,women,65-66,61.4,1928
2019,2018,production,both,67-69,75.6,5156
2019,2018,production,men,67-69,74.1,2376
2019,2018,production,women,67-69,77.0,2780
2019,2018,production,both,70-74,84.8,7070
2019,2018,production,men,70-74,84.7,3340
2019,2018,production,women,70-74,84.8,3730
2020,2019,production,both,60-61,12.1,3876
2020,2019,production,men,60-61,12.3,1853
2020,2019,production,women,60-61,12.0,2023
2020,2019,production,both,62,22.1,1989
2020,2019,production,men,62,18.4,953
2020,2019,production,women,62,25.4,1036
2020,2019,production,both,63-64,31.2,3777
2020,2019,production,men,63-64,32.1,1813
2020,2019,production,women,63-64,30.3,1964
2020,2019,production,both,65-66,56.3,3516
2020,2019,production,men,65-66,51.9,1653
2020,2019,production,women,65-66,60.3,1863
2020,2019,production,both,67-69,76.0,4774
2020,2019,production,men,67-69,74.6,2217
2020,2019,production,women,67-69,77.1,2557
2020,2019,production,both,70-74,85.6,6821
2020,2019,production,men,70-74,86.7,3167
2020,2019,production,women,70-74,84.7,3654
2021,2020,production,both,60-61,11.1,4027
2021,2020,production,men,60-61,10.8,1905
2021,2020,production,women,60-61,11.3,2122
2021,2020,production,both,62,20.4,1970
2021,2020,production,men,62,18.2,935
2021,2020,production,women,62,22.4,1035
2021,2020,production,both,63-64,29.4,3774
2021,2020,production,men,63-64,28.0,1808
2021,2020,production,women,63-64,30.8,1966
2021,2020,production,both,65-66,55.0,3542
2021,2020,production,men,65-66,52.5,1686
2021,2020,production,women,65-66,57.3,1856
2021,2020,production,both,67-69,74.3,4855
2021,2020,production,men,67-69,72.5,2279
2021,2020,production,women,67-69,75.9,2576
2021,2020,production,both,70-74,86.1,7202
2021,2020,production,men,70-74,86.0,3290
2021,2020,production,women,70-74,86.2,3912
2022,2021,production,both,60-61,11.7,3697
2022,2021,production,men,60-61,11.1,1790
2022,2021,production,women,60-61,12.2,1907
2022,2021,production,both,62,16.8,1779
2022,2021,production,men,62,13.7,856
2022,2021,production,women,62,19.6,923
2022,2021,production,both,63-64,28.0,3593
2022,2021,production,men,63-64,25.8,1684
2022,2021,production,women,63-64,30.1,1909
2022,2021,production,both,65-66,52.4,3420
2022,2021,production,men,65-66,49.0,1646
2022,2021,production,women,65-66,55.6,1774
2022,2021,production,both,67-69,74.9,4729
2022,2021,production,men,67-69,72.5,2205
2022,2021,production,women,67-69,77.1,2524
2022,2021,production,both,70-74,85.4,6929
2022,2021,production,men,70-74,85.0,3182
2022,2021,production,women,70-74,85.7,3747
2023,2022,production,both,60-61,11.2,3452
2023,2022,production,men,60-61,9.8,1695
2023,2022,production,women,60-61,12.6,1757
2023,2022,production,both,62,21.1,1730
2023,2022,production,men,62,19.2,827
2023,2022,production,women,62,22.9,903
2023,2022,production,both,63-64,31.1,3464
2023,2022,production,men,63-64,28.8,1608
2023,2022,production,women,63-64,33.3,1856
2023,2022,production,both,65-66,53.7,3379
2023,2022,production,men,65-66,51.3,1553
2023,2022,production,women,65-66,55.7,1826
2023,2022,production,both,67-69,72.7,4640
2023,2022,production,men,67-69,71.2,2173
2023,2022,production,women,67-69,74.0,2467
2023,2022,production,both,70-74,84.8,6817
2023,2022,production,men,70-74,84.8,3160
2023,2022,production,women,70-74,84.9,3657
2024,2023,production,both,60-61,10.1,3462
2024,2023,production,men,60-61,10.0,1608
2024,2023,production,women,60-61,10.2,1854
2024,2023,production,both,62,17.9,1635
2024,2023,production,men,62,15.4,792
2024,2023,production,women,62,20.3,843
2024,2023,production,both,63-64,29.8,3387
2024,2023,production,men,63-64,26.3,1581
2024,2023,production,women,63-64,33.0,1806
2024,2023,production,both,65-66,52.7,3334
2024,2023,production,men,65-66,51.2,1543
2024,2023,production,women,65-66,54.1,1791
2024,2023,production,both,67-69,73.3,4697
2024,2023,production,men,67-69,73.3,2177
2024,2023,production,women,67-69,73.2,2520
2024,2023,production,both,70-74,85.7,6746
2024,2023,production,men,70-74,85.6,3103
2024,2023,production,women,70-74,85.8,3643
2025,2024,production,both,60-61,10.7,3310
2025,2024,production,men,60-61,9.5,1543
2025,2024,production,women,60-61,11.9,1767
2025,2024,production,both,62,17.6,1725
2025,2024,production,men,62,16.7,794
2025,2024,production,women,62,18.4,931
2025,2024,production,both,63-64,30.0,3352
2025,2024,production,men,63-64,28.3,1619
2025,2024,production,women,63-64,31.6,1733
2025,2024,production,both,65-66,49.3,3220
2025,2024,production,men,65-66,46.5,1510
2025,2024,production,women,65-66,51.7,1710
2025,2024,production,both,67-69,72.3,4675
2025,2024,production,men,67-69,71.1,2194
2025,2024,production,women,67-69,73.4,2481
2025,2024,production,both,70-74,86.3,6771
2025,2024,production,men,70-74,86.8,3148
2025,2024,production,women,70-74,86.0,3623
2026,2025,production,both,60-61,9.3,3088
2026,2025,production,men,60-61,8.0,1446
2026,2025,production,women,60-61,10.4,1642
2026,2025,production,both,62,20.0,1643
2026,2025,production,men,62,18.5,768
2026,2025,production,women,62,21.3,875
2026,2025,production,both,63-64,29.5,3308
2026,2025,production,men,63-64,27.6,1623
2026,2025,production,women,63-64,31.2,1685
2026,2025,production,both,65-66,52.0,3328
2026,2025,production,men,65-66,49.6,1550
2026,2025,production,women,65-66,54.2,1778
2026,2025,production,both,67-69,73.0,4749
2026,2025,production,men,67-69,71.3,2238
2026,2025,production,women,67-69,74.5,2511
2026,2025,production,both,70-74,86.2,6943
2026,2025,production,men,70-74,86.4,3219
2026,2025,production,women,70-74,86.0,3724
