year,footnote,note,u18_pct,a18_64_pct,a65_pct,a65_pop_k,a65_poor_k
2025,,,13.4,9.2,9.8,65210.0,6373.0
2024,2,Vintage 2025 population controls,14.4,9.6,9.9,63140.0,6268.0
2023,,,15.3,10.0,9.7,59240.0,5768.0
2022,,,15.0,10.6,10.2,57880.0,5897.0
2021,,,15.3,10.5,10.3,56190.0,5802.0
2020,3,2020 Census-based controls,16.0,10.5,8.9,54280.0,4852.0
2019,,,14.4,9.4,8.9,54640.0,4858.0
2018,,,16.2,10.7,9.7,52790.0,5146.0
2017,4,updated processing system (compare to 2018+),17.4,11.1,9.6,51070.0,4893.0
2017,,,17.5,11.2,9.2,51080.0,4681.0
2016,,,18.0,11.6,9.3,49270.0,4568.0
2015,,,19.7,12.4,8.8,47550.0,4201.0
2014,,,21.1,13.5,10.0,45990.0,4590.0
2013,5,2013 redesigned income questions (3/8 sample),21.5,13.3,10.2,44960.0,4569.0
2013,6,2013 traditional income questions (5/8 sample),19.9,13.6,9.5,44510.0,4231.0
2012,,,21.8,13.7,9.1,43290.0,3926.0
2011,,,21.9,13.7,8.7,41510.0,3620.0
2010,7,,22.0,13.8,8.9,39780.0,3558.0
2009,,,20.7,12.9,8.9,38610.0,3433.0
2008,,,19.0,11.7,9.7,37790.0,3656.0
2007,,,18.0,10.9,9.7,36790.0,3556.0
2006,,,17.4,10.8,9.4,36040.0,3394.0
2005,,,17.6,11.1,10.1,35510.0,3603.0
2004,8,,17.8,11.3,9.8,35210.0,3453.0
2003,,,17.6,10.8,10.2,34660.0,3552.0
2002,,,16.7,10.6,10.4,34230.0,3576.0
2001,,,16.3,10.1,10.1,33770.0,3414.0
2000,9,,16.2,9.6,9.9,33570.0,3323.0
1999,10,,17.1,10.1,9.7,33380.0,3222.0
1998,,,18.9,10.5,10.5,32390.0,3386.0
1997,,,19.9,10.9,10.5,32080.0,3376.0
1996,,,20.5,11.4,10.8,31880.0,3428.0
1995,11,,20.8,11.4,10.5,31660.0,3318.0
1994,12,,21.8,11.9,11.7,31270.0,3663.0
1993,13,,22.7,12.4,12.2,30780.0,3755.0
1992,14,,22.3,11.9,12.9,30430.0,3928.0
1991,15,,21.8,11.4,12.4,30590.0,3781.0
1990,,,20.6,10.7,12.2,30090.0,3658.0
1989,,,19.6,10.2,11.4,29570.0,3363.0
1988,16,,19.5,10.5,12.0,29020.0,3481.0
1987,16,,20.3,10.6,12.5,28490.0,3563.0
1986,,,20.5,10.8,12.4,27980.0,3477.0
1985,17,,20.7,11.3,12.6,27320.0,3456.0
1984,18,,21.5,11.7,12.4,26820.0,3330.0
1983,,,22.3,12.4,13.8,26310.0,3625.0
1982,,,21.9,12.0,14.6,25740.0,3751.0
1981,19,,20.0,11.1,15.3,25230.0,3853.0
1980,,,18.3,10.1,15.7,24690.0,3871.0
1979,20,,16.4,8.9,15.2,24190.0,3682.0
1978,,,15.9,8.7,14.0,23180.0,3233.0
1977,,,16.2,8.8,14.1,22470.0,3177.0
1976,,,16.0,9.0,15.0,22100.0,3313.0
1975,,,17.1,9.2,15.3,21660.0,3317.0
1974,21,,15.4,8.3,14.6,21130.0,3085.0
1973,,,14.4,8.3,16.3,20600.0,3354.0
1972,22,,15.1,8.8,18.6,20120.0,3738.0
1971,23,,15.3,9.3,21.6,19830.0,4273.0
1970,,,15.1,9.0,24.6,19470.0,4793.0
1969,,,14.0,8.7,25.3,18900.0,4787.0
1968,,,15.6,9.0,25.0,18560.0,4632.0
1967,24,,16.6,10.0,29.5,18240.0,5388.0
1966,,,17.6,10.5,28.5,17930.0,5114.0
1965,,,21.0,,,,
1964,,,23.0,,,,
1963,,,23.1,,,,
1962,,,25.0,,,,
1961,,,25.6,,,,
1960,,,26.9,,,,
1959,,,27.3,17.0,35.2,15560.0,5481.0
