source,year,moop_effect,spm_rate,ss_effect,ssi_effect,current_year_of_report
P60-241 Table 3b,2009,7.0,15.5,,,True
P60-241 Table 3a,2010,7.3,15.9,,,True
P60-244 Table 5b,2010,7.2,15.8,-38.7,-1.1,True
P60-244 Table 5a,2011,7.1,15.1,-39.0,-1.2,True
P60-247 Table 5b,2011,7.1,15.1,-39.0,-1.2,True
P60-247 Table 5a,2012,6.4,14.8,-39.9,-1.2,True
P60-251 Table 5b,2012,6.4,14.8,-39.9,-1.2,True
P60-251 Table 5a,2013,6.3,14.6,-38.0,-1.5,True
P60-254 Table 4b,2013,7.0,15.5,-35.5,-1.2,True
P60-254 Table 4a,2014,5.6,14.4,-35.6,-1.4,True
P60-258 Table 5a,2015,5.65,13.67,-36.04,-1.3,True
P60-261 Table A-6,2015,5.66,13.68,-36.17,-1.33,False
P60-261 Table A-6,2016,5.76,14.55,-34.77,-1.23,True
P60-265 Table A-6,2016,5.76,14.55,-34.77,-1.23,False
P60-265 Table A-6,2017,5.42,14.11,-34.56,-1.3,True
P60-268 Table A-6,2017,4.4,13.63,-34.32,-1.22,False
P60-268 Table A-6,2018,4.05,13.59,-33.9,-1.0,True
P60-272 App. Table 6,2018,4.05,13.59,-33.9,-1.0,False
P60-272 App. Table 6,2019,4.02,12.76,-32.1,-0.93,True
P60-275 App. Table 6,2019,4.04,12.76,-32.07,-0.87,False
P60-275 App. Table 6,2020,2.65,9.48,-33.07,-0.9,True
P60-277 Table B-7,2020,2.64,9.46,-32.85,-0.91,False
P60-277 Table B-7,2021,2.78,10.68,-32.19,-1.04,True
P60-280 Table B-7,2021,2.78,10.68,-32.19,-1.04,False
P60-280 Table B-7,2022,3.62,14.14,-34.72,-0.88,True
P60-283 Table B-6,2022,3.62,14.14,-34.72,-0.88,False
P60-283 Table B-6,2023,3.75,14.15,-32.99,-1.02,True
P60-287 Table B-6,2023,3.75,14.15,-32.99,-1.02,False
P60-287 Table B-6,2024,3.73,15.0,-32.69,-0.87,True
P60-290 Table 5,2024,3.74,15.13,-32.79,-0.85,False
P60-290 Table 5,2025,3.83,15.37,-32.13,-0.99,True
