year,footnote,ASIAN ALONE,BLACK ALONE,HISPANIC (ANY RACE),"WHITE ALONE, NOT HISPANIC"
2025,,19.2,25.9,27.6,11.9
2024,3,19.0,24.4,28.5,11.7
2023,,17.3,24.4,26.8,10.7
2022,,17.9,20.1,23.6,11.5
2021,,15.2,16.3,18.9,8.5
2020,4,14.4,15.1,17.2,7.4
2019,5,16.3,21.4,24.9,10.0
2019,,17.5,21.2,24.5,10.1
2018,,20.3,22.2,25.5,10.7
2017,,19.5,23.7,25.7,11.3
2017,6,19.1,22.6,24.2,11.1
2016,,20.3,23.1,26.2,11.9
2015,,20.5,24.1,24.7,10.8
2014,,23.5,23.4,27.4,11.6
2013,8,20.5,22.6,28.3,12.1
2013,7,20.2,25.4,29.5,12.8
2012,,18.3,22.4,29.6,12.5
2011,,20.7,23.8,27.4,12.7
2010,,25.1,24.8,27.1,13.3
2009,9,23.8,25.9,26.7,12.3
