year,annuity_reserves_bn,ira_at_life_insurers_bn,ira_total_bn,hh_fin_assets_bn,all_pension_entitlements_bn,annuity_reserves_pct_hh_fin_assets,annuity_reserves_pct_all_pension_entitlements,ira_annuity_pct_of_ira_assets,annuity_reserves_net_flow_bn,net_flow_pct_of_prior_yr_reserves
1985,260.44,16.95,241.0,10966.1,3184.55,2.37,8.18,7.04,55.63,
1986,327.83,22.65,329.0,12153.77,3496.58,2.7,9.38,6.88,63.38,24.33
1987,358.51,30.08,404.0,12981.49,3801.36,2.76,9.43,7.45,40.85,12.46
1988,444.34,38.85,468.0,14246.48,4131.5,3.12,10.75,8.3,85.81,23.94
1989,504.65,37.85,546.0,15621.23,4623.3,3.23,10.92,6.93,59.81,13.46
1990,581.22,41.98,637.0,16276.7,4981.54,3.57,11.67,6.59,78.07,15.47
1991,633.81,49.69,776.0,17768.55,5460.49,3.57,11.61,6.4,47.31,8.14
1992,707.86,55.6,873.0,18728.6,6020.77,3.78,11.76,6.37,71.73,11.32
1993,788.9,69.46,993.0,20022.5,6489.95,3.94,12.16,7.0,74.72,10.56
1994,812.44,78.74,1056.0,20808.02,6856.7,3.9,11.85,7.46,25.58,3.24
1995,909.25,94.3,1288.0,23216.95,7532.93,3.92,12.07,7.32,63.02,7.76
1996,900.57,110.33,1467.0,25123.5,8158.72,3.58,11.04,7.52,50.93,5.6
1997,1017.74,161.0,1728.0,28147.95,8925.05,3.62,11.4,9.32,60.94,6.77
1998,1159.87,190.11,2150.0,31280.25,9812.19,3.71,11.82,8.84,80.06,7.87
1999,1333.93,245.46,2651.0,34555.17,10729.16,3.86,12.43,9.26,40.55,3.5
2000,1376.29,245.53,2629.0,34318.38,11081.74,4.01,12.42,9.34,92.8,6.96
2001,1397.13,250.95,2619.0,34508.68,11295.18,4.05,12.37,9.58,101.13,7.35
2002,1439.82,308.28,2532.0,33462.09,11443.67,4.3,12.58,12.18,131.33,9.4
2003,1584.04,338.43,2993.0,37643.39,12495.78,4.21,12.68,11.31,28.69,1.99
2004,1777.66,348.05,3299.0,42395.08,13660.08,4.19,13.01,10.55,126.28,7.97
2005,1926.62,381.02,3425.0,45825.66,14597.87,4.2,13.2,11.12,101.6,5.72
2006,2099.74,406.0,4207.0,50743.82,15643.07,4.14,13.42,9.65,65.57,3.4
2007,2208.49,425.0,4748.0,53793.74,16531.15,4.11,13.36,8.95,54.34,2.59
2008,1970.98,377.0,3681.0,47426.99,15623.97,4.16,12.62,10.24,142.66,6.46
2009,2109.86,404.0,4488.0,49755.53,16839.17,4.24,12.53,9.0,-43.31,-2.2
2010,2324.07,445.0,5029.0,54355.08,18416.62,4.28,12.62,8.85,102.6,4.86
2011,2350.08,456.0,5153.0,55823.03,18817.4,4.21,12.49,8.85,91.29,3.93
2012,2548.34,492.0,5785.0,59545.45,19860.88,4.28,12.83,8.5,70.0,2.98
2013,2829.21,546.0,6819.0,66338.02,22412.87,4.26,12.62,8.01,65.95,2.59
2014,2953.0,570.0,7292.0,70843.71,23238.9,4.17,12.71,7.82,30.86,1.09
2015,3001.2,578.0,7477.0,72204.98,23574.24,4.16,12.73,7.73,92.6,3.14
2016,3099.0,603.0,8015.0,75949.74,24459.47,4.08,12.67,7.52,-4.7,-0.16
2017,3321.52,647.0,9439.0,83146.58,26070.47,3.99,12.74,6.85,4.93,0.16
2018,3280.79,626.0,9135.0,82289.72,26057.31,3.99,12.59,6.85,51.77,1.56
2019,3611.72,690.0,10949.0,92866.44,28291.03,3.89,12.77,6.3,24.32,0.74
2020,3924.28,750.0,12661.0,104114.94,30073.05,3.77,13.05,5.92,83.82,2.32
2021,4157.52,794.0,14563.0,118121.05,32004.45,3.52,12.99,5.45,-35.42,-0.9
2022,3859.16,737.0,12912.0,108095.62,28799.03,3.57,13.4,5.71,108.11,2.6
2023,4232.45,810.0,14584.0,118334.29,31208.44,3.58,13.56,5.55,110.48,2.86
2024,4584.71,877.0,16520.0,129483.86,33289.8,3.54,13.77,5.31,132.14,3.12
2025,4833.12,927.0,18725.0,142083.26,35188.79,3.4,13.73,4.95,11.84,0.26
