section,year,oasi_income,oasi_cost,oasi_balance,di_income,di_cost,di_balance,oasdi_income,oasdi_cost,oasdi_balance,unit,source
Historical data,1990,4.53,3.82,0.72,0.47,0.43,0.04,5.0,4.24,0.76,% GDP,2026 OASDI Trustees Report Table IV.B3 (pp. 67-68)
Historical data,1995,4.06,3.9,0.16,0.71,0.55,0.16,4.77,4.45,0.32,% GDP,2026 OASDI Trustees Report Table IV.B3 (pp. 67-68)
Historical data,2000,4.22,3.5,0.73,0.69,0.55,0.14,4.92,4.05,0.87,% GDP,2026 OASDI Trustees Report Table IV.B3 (pp. 67-68)
Historical data,2005,3.99,3.39,0.6,0.67,0.68,-0.01,4.66,4.06,0.59,% GDP,2026 OASDI Trustees Report Table IV.B3 (pp. 67-68)
Historical data,2010,3.78,3.89,-0.11,0.63,0.85,-0.22,4.41,4.73,-0.32,% GDP,2026 OASDI Trustees Report Table IV.B3 (pp. 67-68)
Historical data,2015,3.88,4.1,-0.22,0.64,0.8,-0.16,4.52,4.9,-0.38,% GDP,2026 OASDI Trustees Report Table IV.B3 (pp. 67-68)
Historical data,2016,3.78,4.13,-0.35,0.84,0.78,0.07,4.62,4.9,-0.28,% GDP,2026 OASDI Trustees Report Table IV.B3 (pp. 67-68)
Historical data,2017,3.79,4.11,-0.33,0.86,0.74,0.12,4.65,4.86,-0.21,% GDP,2026 OASDI Trustees Report Table IV.B3 (pp. 67-68)
Historical data,2018,3.63,4.13,-0.5,0.82,0.71,0.11,4.45,4.84,-0.39,% GDP,2026 OASDI Trustees Report Table IV.B3 (pp. 67-68)
Historical data,2019,3.9,4.23,-0.33,0.65,0.69,-0.03,4.55,4.92,-0.36,% GDP,2026 OASDI Trustees Report Table IV.B3 (pp. 67-68)
Historical data,2020,4.19,4.5,-0.31,0.69,0.68,0.0,4.87,5.18,-0.31,% GDP,2026 OASDI Trustees Report Table IV.B3 (pp. 67-68)
Historical data,2021,3.69,4.22,-0.53,0.6,0.6,0.0,4.29,4.82,-0.53,% GDP,2026 OASDI Trustees Report Table IV.B3 (pp. 67-68)
Historical data,2022,3.81,4.21,-0.4,0.62,0.56,0.06,4.43,4.77,-0.34,% GDP,2026 OASDI Trustees Report Table IV.B3 (pp. 67-68)
Historical data,2023,3.97,4.45,-0.48,0.65,0.56,0.09,4.62,5.01,-0.39,% GDP,2026 OASDI Trustees Report Table IV.B3 (pp. 67-68)
Historical data,2024,3.96,4.53,-0.57,0.64,0.54,0.11,4.6,5.07,-0.46,% GDP,2026 OASDI Trustees Report Table IV.B3 (pp. 67-68)
Historical data,2025,3.86,4.71,-0.85,0.63,0.52,0.11,4.48,5.23,-0.74,% GDP,2026 OASDI Trustees Report Table IV.B3 (pp. 67-68)
Intermediate,2026,3.8,4.73,-0.93,0.62,0.52,0.09,4.42,5.26,-0.84,% GDP,2026 OASDI Trustees Report Table IV.B3 (pp. 67-68)
Intermediate,2027,3.8,4.84,-1.03,0.62,0.53,0.08,4.42,5.37,-0.95,% GDP,2026 OASDI Trustees Report Table IV.B3 (pp. 67-68)
Intermediate,2028,3.89,4.93,-1.04,0.63,0.53,0.1,4.52,5.45,-0.94,% GDP,2026 OASDI Trustees Report Table IV.B3 (pp. 67-68)
Intermediate,2029,3.95,5.0,-1.06,0.64,0.52,0.12,4.58,5.52,-0.94,% GDP,2026 OASDI Trustees Report Table IV.B3 (pp. 67-68)
Intermediate,2030,3.98,5.06,-1.08,0.64,0.51,0.13,4.63,5.57,-0.94,% GDP,2026 OASDI Trustees Report Table IV.B3 (pp. 67-68)
Intermediate,2031,4.02,5.11,-1.09,0.65,0.5,0.15,4.67,5.61,-0.94,% GDP,2026 OASDI Trustees Report Table IV.B3 (pp. 67-68)
Intermediate,2032,4.05,5.14,-1.09,0.65,0.5,0.15,4.7,5.64,-0.94,% GDP,2026 OASDI Trustees Report Table IV.B3 (pp. 67-68)
Intermediate,2033,4.08,5.17,-1.09,0.65,0.5,0.15,4.73,5.67,-0.93,% GDP,2026 OASDI Trustees Report Table IV.B3 (pp. 67-68)
Intermediate,2034,4.09,5.18,-1.09,0.65,0.5,0.15,4.75,5.69,-0.94,% GDP,2026 OASDI Trustees Report Table IV.B3 (pp. 67-68)
Intermediate,2035,4.11,5.2,-1.09,0.66,0.51,0.15,4.76,5.7,-0.94,% GDP,2026 OASDI Trustees Report Table IV.B3 (pp. 67-68)
Intermediate,2040,4.09,5.28,-1.19,0.65,0.54,0.11,4.74,5.82,-1.08,% GDP,2026 OASDI Trustees Report Table IV.B3 (pp. 67-68)
Intermediate,2045,4.07,5.32,-1.25,0.65,0.59,0.06,4.72,5.91,-1.2,% GDP,2026 OASDI Trustees Report Table IV.B3 (pp. 67-68)
Intermediate,2050,4.05,5.37,-1.32,0.65,0.63,0.02,4.69,6.0,-1.3,% GDP,2026 OASDI Trustees Report Table IV.B3 (pp. 67-68)
Intermediate,2055,4.03,5.5,-1.47,0.64,0.65,-0.01,4.67,6.15,-1.48,% GDP,2026 OASDI Trustees Report Table IV.B3 (pp. 67-68)
Intermediate,2060,4.02,5.69,-1.68,0.64,0.65,-0.01,4.66,6.34,-1.68,% GDP,2026 OASDI Trustees Report Table IV.B3 (pp. 67-68)
Intermediate,2065,4.0,5.86,-1.85,0.63,0.65,-0.01,4.64,6.51,-1.87,% GDP,2026 OASDI Trustees Report Table IV.B3 (pp. 67-68)
Intermediate,2070,3.99,6.02,-2.03,0.63,0.65,-0.01,4.62,6.67,-2.04,% GDP,2026 OASDI Trustees Report Table IV.B3 (pp. 67-68)
Intermediate,2075,3.98,6.19,-2.21,0.63,0.63,-0.01,4.61,6.82,-2.22,% GDP,2026 OASDI Trustees Report Table IV.B3 (pp. 67-68)
Intermediate,2080,3.96,6.29,-2.33,0.62,0.62,0.0,4.59,6.91,-2.33,% GDP,2026 OASDI Trustees Report Table IV.B3 (pp. 67-68)
Intermediate,2085,3.95,6.32,-2.38,0.62,0.61,0.01,4.57,6.93,-2.36,% GDP,2026 OASDI Trustees Report Table IV.B3 (pp. 67-68)
Intermediate,2090,3.92,6.25,-2.33,0.62,0.61,0.01,4.54,6.86,-2.32,% GDP,2026 OASDI Trustees Report Table IV.B3 (pp. 67-68)
Intermediate,2095,3.9,6.15,-2.25,0.61,0.61,0.0,4.52,6.76,-2.24,% GDP,2026 OASDI Trustees Report Table IV.B3 (pp. 67-68)
Intermediate,2100,3.88,6.07,-2.19,0.61,0.62,-0.01,4.49,6.69,-2.19,% GDP,2026 OASDI Trustees Report Table IV.B3 (pp. 67-68)
Low-cost,2026,3.8,4.67,-0.87,0.62,0.51,0.11,4.42,5.17,-0.76,% GDP,2026 OASDI Trustees Report Table IV.B3 (pp. 67-68)
Low-cost,2027,3.86,4.69,-0.84,0.63,0.5,0.13,4.49,5.2,-0.71,% GDP,2026 OASDI Trustees Report Table IV.B3 (pp. 67-68)
Low-cost,2028,3.92,4.73,-0.8,0.64,0.48,0.15,4.56,5.21,-0.65,% GDP,2026 OASDI Trustees Report Table IV.B3 (pp. 67-68)
Low-cost,2029,3.98,4.75,-0.77,0.64,0.46,0.18,4.62,5.22,-0.59,% GDP,2026 OASDI Trustees Report Table IV.B3 (pp. 67-68)
Low-cost,2030,4.02,4.77,-0.75,0.65,0.44,0.21,4.67,5.22,-0.54,% GDP,2026 OASDI Trustees Report Table IV.B3 (pp. 67-68)
Low-cost,2031,4.07,4.78,-0.71,0.66,0.42,0.23,4.72,5.2,-0.48,% GDP,2026 OASDI Trustees Report Table IV.B3 (pp. 67-68)
Low-cost,2032,4.11,4.77,-0.67,0.66,0.42,0.25,4.77,5.19,-0.42,% GDP,2026 OASDI Trustees Report Table IV.B3 (pp. 67-68)
Low-cost,2033,4.15,4.76,-0.61,0.67,0.41,0.26,4.82,5.17,-0.35,% GDP,2026 OASDI Trustees Report Table IV.B3 (pp. 67-68)
Low-cost,2034,4.18,4.74,-0.55,0.67,0.4,0.27,4.86,5.14,-0.28,% GDP,2026 OASDI Trustees Report Table IV.B3 (pp. 67-68)
Low-cost,2035,4.22,4.72,-0.5,0.68,0.4,0.28,4.89,5.12,-0.23,% GDP,2026 OASDI Trustees Report Table IV.B3 (pp. 67-68)
Low-cost,2040,4.2,4.67,-0.47,0.68,0.41,0.27,4.88,5.08,-0.2,% GDP,2026 OASDI Trustees Report Table IV.B3 (pp. 67-68)
Low-cost,2045,4.19,4.63,-0.44,0.67,0.44,0.24,4.86,5.07,-0.2,% GDP,2026 OASDI Trustees Report Table IV.B3 (pp. 67-68)
Low-cost,2050,4.17,4.59,-0.42,0.67,0.46,0.21,4.85,5.05,-0.2,% GDP,2026 OASDI Trustees Report Table IV.B3 (pp. 67-68)
Low-cost,2055,4.16,4.63,-0.46,0.67,0.47,0.2,4.84,5.09,-0.26,% GDP,2026 OASDI Trustees Report Table IV.B3 (pp. 67-68)
Low-cost,2060,4.16,4.71,-0.55,0.67,0.46,0.21,4.83,5.17,-0.34,% GDP,2026 OASDI Trustees Report Table IV.B3 (pp. 67-68)
Low-cost,2065,4.16,4.75,-0.6,0.67,0.45,0.21,4.83,5.21,-0.38,% GDP,2026 OASDI Trustees Report Table IV.B3 (pp. 67-68)
Low-cost,2070,4.16,4.79,-0.64,0.67,0.45,0.22,4.82,5.24,-0.42,% GDP,2026 OASDI Trustees Report Table IV.B3 (pp. 67-68)
Low-cost,2075,4.16,4.83,-0.67,0.67,0.44,0.23,4.82,5.27,-0.45,% GDP,2026 OASDI Trustees Report Table IV.B3 (pp. 67-68)
Low-cost,2080,4.15,4.8,-0.65,0.67,0.43,0.24,4.82,5.23,-0.41,% GDP,2026 OASDI Trustees Report Table IV.B3 (pp. 67-68)
Low-cost,2085,4.15,4.7,-0.55,0.67,0.43,0.24,4.82,5.13,-0.31,% GDP,2026 OASDI Trustees Report Table IV.B3 (pp. 67-68)
Low-cost,2090,4.15,4.53,-0.39,0.67,0.43,0.24,4.81,4.96,-0.15,% GDP,2026 OASDI Trustees Report Table IV.B3 (pp. 67-68)
Low-cost,2095,4.14,4.38,-0.23,0.67,0.44,0.23,4.81,4.82,-0.01,% GDP,2026 OASDI Trustees Report Table IV.B3 (pp. 67-68)
Low-cost,2100,4.15,4.33,-0.19,0.67,0.45,0.22,4.82,4.79,0.03,% GDP,2026 OASDI Trustees Report Table IV.B3 (pp. 67-68)
High-cost,2026,3.81,4.84,-1.02,0.62,0.54,0.08,4.43,5.38,-0.95,% GDP,2026 OASDI Trustees Report Table IV.B3 (pp. 67-68)
High-cost,2027,3.79,5.14,-1.34,0.61,0.59,0.03,4.41,5.73,-1.32,% GDP,2026 OASDI Trustees Report Table IV.B3 (pp. 67-68)
High-cost,2028,3.86,5.25,-1.39,0.62,0.59,0.03,4.49,5.84,-1.36,% GDP,2026 OASDI Trustees Report Table IV.B3 (pp. 67-68)
High-cost,2029,3.88,5.34,-1.46,0.62,0.59,0.04,4.5,5.92,-1.42,% GDP,2026 OASDI Trustees Report Table IV.B3 (pp. 67-68)
High-cost,2030,3.9,5.41,-1.51,0.62,0.58,0.04,4.53,5.99,-1.46,% GDP,2026 OASDI Trustees Report Table IV.B3 (pp. 67-68)
High-cost,2031,3.93,5.47,-1.55,0.63,0.58,0.05,4.56,6.05,-1.49,% GDP,2026 OASDI Trustees Report Table IV.B3 (pp. 67-68)
High-cost,2032,3.96,5.54,-1.58,0.63,0.58,0.05,4.59,6.12,-1.54,% GDP,2026 OASDI Trustees Report Table IV.B3 (pp. 67-68)
High-cost,2033,3.98,5.61,-1.62,0.63,0.59,0.04,4.62,6.2,-1.58,% GDP,2026 OASDI Trustees Report Table IV.B3 (pp. 67-68)
High-cost,2034,4.0,5.67,-1.67,0.64,0.61,0.03,4.63,6.27,-1.64,% GDP,2026 OASDI Trustees Report Table IV.B3 (pp. 67-68)
High-cost,2035,4.01,5.72,-1.72,0.64,0.62,0.02,4.64,6.34,-1.7,% GDP,2026 OASDI Trustees Report Table IV.B3 (pp. 67-68)
High-cost,2040,3.99,5.97,-1.98,0.63,0.69,-0.06,4.62,6.67,-2.04,% GDP,2026 OASDI Trustees Report Table IV.B3 (pp. 67-68)
High-cost,2045,3.97,6.16,-2.19,0.63,0.77,-0.15,4.6,6.93,-2.33,% GDP,2026 OASDI Trustees Report Table IV.B3 (pp. 67-68)
High-cost,2050,3.95,6.37,-2.42,0.62,0.83,-0.21,4.57,7.2,-2.63,% GDP,2026 OASDI Trustees Report Table IV.B3 (pp. 67-68)
High-cost,2055,3.93,6.67,-2.74,0.62,0.87,-0.25,4.55,7.54,-2.99,% GDP,2026 OASDI Trustees Report Table IV.B3 (pp. 67-68)
High-cost,2060,3.92,7.06,-3.14,0.61,0.88,-0.27,4.53,7.94,-3.41,% GDP,2026 OASDI Trustees Report Table IV.B3 (pp. 67-68)
High-cost,2065,3.9,7.44,-3.53,0.61,0.9,-0.29,4.51,8.33,-3.82,% GDP,2026 OASDI Trustees Report Table IV.B3 (pp. 67-68)
High-cost,2070,3.89,7.82,-3.93,0.6,0.9,-0.3,4.49,8.72,-4.23,% GDP,2026 OASDI Trustees Report Table IV.B3 (pp. 67-68)
High-cost,2075,3.88,8.23,-4.35,0.59,0.89,-0.3,4.47,9.12,-4.65,% GDP,2026 OASDI Trustees Report Table IV.B3 (pp. 67-68)
High-cost,2080,3.86,8.59,-4.73,0.59,0.88,-0.29,4.45,9.47,-5.02,% GDP,2026 OASDI Trustees Report Table IV.B3 (pp. 67-68)
High-cost,2085,3.84,8.89,-5.05,0.58,0.85,-0.27,4.42,9.74,-5.32,% GDP,2026 OASDI Trustees Report Table IV.B3 (pp. 67-68)
High-cost,2090,3.82,9.08,-5.26,0.58,0.83,-0.26,4.39,9.91,-5.52,% GDP,2026 OASDI Trustees Report Table IV.B3 (pp. 67-68)
High-cost,2095,3.79,9.15,-5.37,0.57,0.81,-0.24,4.35,9.97,-5.61,% GDP,2026 OASDI Trustees Report Table IV.B3 (pp. 67-68)
High-cost,2100,3.75,9.11,-5.36,0.56,0.81,-0.25,4.31,9.92,-5.61,% GDP,2026 OASDI Trustees Report Table IV.B3 (pp. 67-68)
