year,group,sex,e0,e65,e75,surv65_85,surv65_90,surv65_95
2018,All,Both,78.74,19.47,12.32,51.1,29.7,11.4
2018,All,Male,76.22,18.1,11.34,44.8,23.8,7.8
2018,All,Female,81.25,20.69,13.09,56.7,34.9,14.3
2019,All,Both,78.85,19.59,12.42,51.6,30.2,11.8
2019,All,Male,76.31,18.2,11.44,45.3,24.2,8.1
2019,All,Female,81.39,20.82,13.21,57.3,35.4,14.8
2019,Hispanic,Both,81.85,21.58,14.04,60.1,39.7,18.9
2019,Hispanic,Male,79.07,19.87,12.77,53.1,32.1,13.0
2019,Hispanic,Female,84.43,22.86,14.83,65.8,45.3,22.6
2019,NH AIAN,Both,71.75,18.21,12.25,44.0,26.7,12.5
2019,NH AIAN,Male,68.64,16.73,11.31,37.9,21.4,9.0
2019,NH AIAN,Female,74.95,19.52,12.96,49.4,31.4,15.5
2019,NH Asian,Both,85.56,23.44,15.2,68.7,48.2,24.2
2019,NH Asian,Male,83.46,22.06,14.16,63.1,41.7,18.9
2019,NH Asian,Female,87.43,24.48,15.91,73.3,53.3,27.9
2019,NH Black,Both,74.78,18.18,11.98,44.4,26.0,11.2
2019,NH Black,Male,71.32,16.27,10.68,36.0,18.8,7.1
2019,NH Black,Female,78.1,19.68,12.85,51.1,31.6,14.4
2019,NH White,Both,78.78,19.48,12.29,51.1,29.6,11.2
2019,NH White,Male,76.33,18.14,11.33,45.0,23.8,7.7
2019,NH White,Female,81.26,20.7,13.07,56.8,34.8,14.2
2020,All,Both,76.99,18.46,11.56,46.4,25.2,8.5
2020,All,Male,74.19,17.03,10.58,39.6,19.4,5.5
2020,All,Female,79.88,19.78,12.38,52.8,30.5,11.2
2020,Hispanic,Both,77.93,18.82,11.94,48.2,27.2,9.8
2020,Hispanic,Male,74.59,16.9,10.63,39.2,19.4,5.6
2020,Hispanic,Female,81.34,20.43,12.86,56.0,33.6,12.9
2020,NH AIAN,Both,67.14,16.03,10.69,34.5,18.9,7.7
2020,NH AIAN,Male,63.81,14.58,9.94,28.7,14.9,5.8
2020,NH AIAN,Female,70.71,17.33,11.25,40.0,22.4,9.1
2020,NH Asian,Both,83.64,21.9,14.03,62.7,41.0,18.0
2020,NH Asian,Male,81.14,20.27,12.9,55.4,33.5,12.9
2020,NH Asian,Female,85.94,23.19,14.85,68.8,47.1,21.6
2020,NH Black,Both,71.55,16.18,10.46,35.6,18.1,6.2
2020,NH Black,Male,67.78,14.26,9.2,27.0,11.9,3.4
2020,NH Black,Female,75.35,17.77,11.37,42.9,23.4,8.6
2020,NH White,Both,77.4,18.58,11.55,46.9,25.4,8.4
2020,NH White,Male,74.8,17.22,10.6,40.4,19.7,5.5
2020,NH White,Female,80.1,19.85,12.36,53.1,30.6,11.0
2021,All,Both,76.37,18.42,11.63,46.1,25.4,9.1
2021,All,Male,73.55,16.99,10.63,39.4,19.6,5.9
2021,All,Female,79.33,19.74,12.48,52.3,30.8,12.1
2021,Hispanic,Both,77.84,19.31,12.44,50.1,29.8,12.2
2021,Hispanic,Male,74.65,17.63,11.26,42.5,22.8,7.9
2021,Hispanic,Female,81.09,20.65,13.18,56.5,35.1,14.9
2021,NH AIAN,Both,65.56,16.26,11.17,35.2,20.5,9.5
2021,NH AIAN,Male,62.2,15.03,10.42,30.2,16.7,7.4
2021,NH AIAN,Female,69.24,17.35,11.72,39.9,23.8,11.1
2021,NH Asian,Both,83.48,21.92,14.02,62.7,40.9,18.1
2021,NH Asian,Male,81.15,20.5,13.04,56.3,34.4,13.7
2021,NH Asian,Female,85.59,22.97,14.65,67.9,45.9,20.7
2021,NH Black,Both,71.24,16.65,10.97,37.8,20.4,7.9
2021,NH Black,Male,67.58,14.88,9.78,30.0,14.4,4.7
2021,NH Black,Female,74.96,18.1,11.8,44.1,25.5,10.5
2021,NH White,Both,76.65,18.41,11.54,46.0,25.1,8.8
2021,NH White,Male,74.0,17.02,10.56,39.4,19.3,5.6
2021,NH White,Female,79.46,19.72,12.39,52.2,30.5,11.7
2022,All,Both,77.46,18.91,11.95,48.5,27.4,10.0
2022,All,Male,74.81,17.54,10.98,42.2,21.5,6.6
2022,All,Female,80.2,20.17,12.75,54.4,32.7,12.9
2022,Hispanic,Both,79.97,20.54,13.22,55.8,35.1,15.1
2022,Hispanic,Male,77.02,18.96,12.1,48.8,28.0,10.4
2022,Hispanic,Female,82.84,21.73,13.89,61.6,40.2,17.7
2022,NH AIAN,Both,67.78,17.83,12.38,41.6,26.0,13.2
2022,NH AIAN,Male,64.51,16.77,11.93,37.4,22.8,11.4
2022,NH AIAN,Female,71.29,18.69,12.62,45.4,28.6,14.3
2022,NH Asian,Both,84.43,22.53,14.45,65.5,44.1,20.0
2022,NH Asian,Male,82.32,21.21,13.56,59.7,37.9,15.7
2022,NH Asian,Female,86.28,23.45,14.96,70.2,48.5,22.1
2022,NH Black,Both,72.8,17.42,11.48,41.3,23.4,9.4
2022,NH Black,Male,69.1,15.53,10.2,32.9,16.5,5.6
2022,NH Black,Female,76.52,18.95,12.37,48.1,29.0,12.4
2022,NH White,Both,77.52,18.81,11.82,48.0,26.8,9.4
2022,NH White,Male,75.06,17.48,10.87,41.8,21.1,6.2
2022,NH White,Female,80.1,20.03,12.61,53.8,32.0,12.3
2023,All,Both,78.42,19.52,12.4,51.4,30.1,11.6
2023,All,Male,75.82,18.19,11.48,45.4,24.4,8.1
2023,All,Female,81.08,20.71,13.15,56.8,35.1,14.6
2023,Hispanic,Both,81.28,21.59,14.05,60.2,39.8,18.9
2023,Hispanic,Male,78.45,20.15,13.05,54.2,33.6,14.2
2023,Hispanic,Female,83.97,22.6,14.56,65.0,44.2,21.1
2023,NH AIAN,Both,70.05,18.95,13.23,46.1,30.2,16.3
2023,NH AIAN,Male,66.72,17.77,12.87,41.5,26.8,14.5
2023,NH AIAN,Female,73.53,19.87,13.37,50.4,32.9,17.1
2023,NH Asian,Both,85.21,23.2,14.97,68.2,47.2,22.7
2023,NH Asian,Male,83.17,21.9,14.04,62.8,41.1,17.9
2023,NH Asian,Female,87.05,24.15,15.57,72.5,51.9,25.8
2023,NH Black,Both,73.99,18.21,12.1,44.7,26.5,11.5
2023,NH Black,Male,70.3,16.36,10.85,36.6,19.7,7.4
2023,NH Black,Female,77.63,19.68,12.95,51.2,31.9,14.6
2023,NH White,Both,78.45,19.34,12.21,50.6,29.1,10.8
2023,NH White,Male,76.02,18.08,11.32,44.8,23.6,7.5
2023,NH White,Female,80.95,20.5,12.94,56.0,34.0,13.6
2024,All,Both,78.97,19.66,12.51,52.0,30.7,12.0
2024,All,Male,76.53,18.36,11.6,46.1,25.1,8.6
2024,All,Female,81.45,20.83,13.24,57.4,35.7,14.9
2024,Hispanic,Both,81.81,21.77,14.15,60.9,40.6,19.5
2024,Hispanic,Male,79.17,20.32,13.15,54.8,34.4,14.8
2024,Hispanic,Female,84.3,22.81,14.71,65.9,45.1,21.9
2024,NH AIAN,Both,71.15,19.21,13.59,47.0,31.4,17.6
2024,NH AIAN,Male,67.79,18.06,13.23,42.5,28.0,15.5
2024,NH AIAN,Female,74.64,20.1,13.72,51.0,34.2,18.6
2024,NH Asian,Both,85.79,23.66,15.39,69.6,49.5,25.2
2024,NH Asian,Male,83.67,22.2,14.32,63.7,42.7,19.5
2024,NH Asian,Female,87.67,24.76,16.13,74.3,54.8,29.2
2024,NH Black,Both,74.77,18.32,12.16,45.2,26.8,11.8
2024,NH Black,Male,71.29,16.5,10.93,37.2,20.1,7.6
2024,NH Black,Female,78.16,19.77,13.0,51.6,32.2,14.9
2024,NH White,Both,78.93,19.47,12.3,51.2,29.6,11.1
2024,NH White,Male,76.66,18.23,11.43,45.4,24.3,7.9
2024,NH White,Female,81.26,20.6,13.02,56.5,34.5,13.9
