fiscal_year,purchase,refinance,traditional,all,mca_bn,avg_age,refi_share_pct,owner_hh_65plus_k,per_1000_owner_hh_65plus
2009,559,8973,104893,114425,30.07,73.03,7.842,18775.0,6.095
2010,1389,4835,72833,79057,21.07,72.97,6.116,19144.0,4.13
2011,1538,2737,68837,73112,18.21,72.3,3.744,19693.0,3.713
2012,1627,1444,51741,54812,13.16,72.06,2.634,20619.42,2.658
2013,2091,1835,55997,59923,14.68,71.77,3.062,21157.0,2.832
2014,1825,2406,47385,51616,13.52,71.97,4.661,21609.0,2.389
2015,2411,5571,50007,57989,16.13,72.35,9.607,22198.65,2.612
2016,2367,5398,41103,48868,14.66,73.01,11.046,22795.0,2.144
2017,2634,8016,44640,55290,17.69,73.16,14.498,23581.0,2.345
2018,2615,5860,39854,48329,16.19,73.34,12.125,24487.0,1.974
2019,2295,1679,27298,31272,10.86,73.59,5.369,25345.0,1.234
2020,2472,8614,30749,41835,16.29,73.51,20.59,27111.0,1.543
2021,2228,20661,26307,49196,21.35,73.95,41.997,27295.0,1.802
2022,2236,29004,33232,64472,32.12,74.29,44.987,27655.0,2.331
2023,2034,4017,26923,32974,16.17,74.84,12.182,28846.0,1.143
2024,1686,2074,22742,26502,13.36,75.23,7.826,29566.0,0.896
2025,1540,3065,23544,28149,14.96,75.31,10.888,30244.0,0.931
