year,55-64,65-74,75+,65+,all,55-64_se,65-74_se,75+_se,65+_se,all_se
1989,70.78,49.67,20.97,37.79,72.27,,,,,
1992,70.15,51.43,31.58,42.96,73.25,,,,,
1995,73.68,53.36,28.36,42.13,74.52,,,,,
1998,76.22,51.44,24.57,38.64,74.04,,,,,
2001,75.59,56.78,29.19,43.22,75.13,,,,,
2004,76.34,58.76,40.34,49.45,76.43,1.34,2.14,2.23,1.57,0.54
2007,81.77,65.51,31.44,48.4,77.03,1.49,1.9,2.37,1.65,0.6
2010,77.7,65.21,38.53,52.32,74.94,1.07,1.65,1.85,1.23,0.5
2013,78.65,66.44,41.35,55.05,74.54,1.09,1.3,1.64,1.02,0.4
2016,77.07,70.14,49.77,61.14,77.12,0.94,1.16,1.58,0.91,0.39
2019,77.35,69.95,51.36,62.07,76.63,0.96,1.49,1.8,1.1,0.49
2022,77.2,64.78,53.41,59.92,77.43,1.42,1.58,2.14,1.19,0.61
