year,group,stat,value,se
1989,55-64,pct_any_debt,70.7794,
1989,55-64,pct_home_secured_debt,36.9864,
1989,55-64,pct_cc_balance,32.9075,
1989,55-64,median_debt_if_any,21903.0558,
1989,55-64,agg_debt_to_income_pct,46.9850,
1989,55-64,median_debt_to_income_debtors_pct,31.9526,
1989,55-64,agg_debt_to_assets_pct,6.7791,
1989,55-64,pct_pmt_over_40pct_income_debtors,8.4291,
1989,55-64,pct_homeowner,80.1002,
1989,55-64,pct_owners_with_home_debt,46.1752,
1989,55-64,median_home_value_owners,172918.8620,
1989,55-64,median_home_equity_owners,147557.4289,
1989,55-64,median_mortgage_owners_w_mortgage,46111.6965,
1989,55-64,agg_home_equity_share_networth_pct,25.0539,
1989,55-64,median_home_equity_share_networth_owners_pct,53.3333,
1989,65-74,pct_any_debt,49.6663,
1989,65-74,pct_home_secured_debt,21.8298,
1989,65-74,pct_cc_balance,27.0650,
1989,65-74,median_debt_if_any,11527.9241,
1989,65-74,agg_debt_to_income_pct,23.7870,
1989,65-74,median_debt_to_income_debtors_pct,24.9629,
1989,65-74,agg_debt_to_assets_pct,2.8286,
1989,65-74,pct_pmt_over_40pct_income_debtors,8.6914,
1989,65-74,pct_homeowner,77.8184,
1989,65-74,pct_owners_with_home_debt,28.0523,
1989,65-74,median_home_value_owners,126807.1654,
1989,65-74,median_home_equity_owners,117584.8261,
1989,65-74,median_mortgage_owners_w_mortgage,20750.2634,
1989,65-74,agg_home_equity_share_networth_pct,23.6352,
1989,65-74,median_home_equity_share_networth_owners_pct,57.0248,
1989,75+,pct_any_debt,20.9668,
1989,75+,pct_home_secured_debt,6.2977,
1989,75+,pct_cc_balance,10.0653,
1989,75+,median_debt_if_any,6801.4752,
1989,75+,agg_debt_to_income_pct,10.1551,
1989,75+,median_debt_to_income_debtors_pct,13.6940,
1989,75+,agg_debt_to_assets_pct,1.0636,
1989,75+,pct_pmt_over_40pct_income_debtors,14.0575,
1989,75+,pct_homeowner,69.8957,
1989,75+,pct_owners_with_home_debt,9.0102,
1989,75+,median_home_value_owners,126807.1654,
1989,75+,median_home_equity_owners,115279.2413,
1989,75+,median_mortgage_owners_w_mortgage,16139.0938,
1989,75+,agg_home_equity_share_networth_pct,25.9089,
1989,75+,median_home_equity_share_networth_owners_pct,56.2324,
1989,65+,pct_any_debt,37.7879,
1989,65+,pct_home_secured_debt,15.4013,
1989,65+,pct_cc_balance,20.0290,
1989,65+,median_debt_if_any,9222.3393,
1989,65+,agg_debt_to_income_pct,19.2129,
1989,65+,median_debt_to_income_debtors_pct,23.9644,
1989,65+,agg_debt_to_assets_pct,2.1854,
1989,65+,pct_pmt_over_40pct_income_debtors,9.9237,
1989,65+,pct_homeowner,74.5393,
1989,65+,pct_owners_with_home_debt,20.6620,
1989,65+,median_home_value_owners,126807.1654,
1989,65+,median_home_equity_owners,115279.2413,
1989,65+,median_mortgage_owners_w_mortgage,20750.2634,
1989,65+,agg_home_equity_share_networth_pct,24.4733,
1989,65+,median_home_equity_share_networth_owners_pct,56.5111,
1989,all,pct_any_debt,72.2698,
1989,all,pct_home_secured_debt,39.4582,
1989,all,pct_cc_balance,39.6605,
1989,all,median_debt_if_any,34583.7724,
1989,all,agg_debt_to_income_pct,63.6685,
1989,all,median_debt_to_income_debtors_pct,51.4494,
1989,all,agg_debt_to_assets_pct,12.1200,
1989,all,pct_pmt_over_40pct_income_debtors,10.0457,
1989,all,pct_homeowner,63.8722,
1989,all,pct_owners_with_home_debt,61.7768,
1989,all,median_home_value_owners,161390.9378,
1989,all,median_home_equity_owners,112973.6565,
1989,all,median_mortgage_owners_w_mortgage,73778.7144,
1989,all,agg_home_equity_share_networth_pct,26.3670,
1989,all,median_home_equity_share_networth_owners_pct,56.8182,
1992,55-64,pct_any_debt,70.1541,
1992,55-64,pct_home_secured_debt,40.9259,
1992,55-64,pct_cc_balance,37.0966,
1992,55-64,median_debt_if_any,39574.6212,
1992,55-64,agg_debt_to_income_pct,59.5507,
1992,55-64,median_debt_to_income_debtors_pct,60.0252,
1992,55-64,agg_debt_to_assets_pct,8.0175,
1992,55-64,pct_pmt_over_40pct_income_debtors,14.4200,
1992,55-64,pct_homeowner,77.5079,
1992,55-64,pct_owners_with_home_debt,52.8023,
1992,55-64,median_home_value_owners,176117.4242,
1992,55-64,median_home_equity_owners,134678.0303,
1992,55-64,median_mortgage_owners_w_mortgage,62159.0909,
1992,55-64,agg_home_equity_share_networth_pct,21.9467,
1992,55-64,median_home_equity_share_networth_owners_pct,48.7329,
1992,65-74,pct_any_debt,51.4344,
1992,65-74,pct_home_secured_debt,18.5233,
1992,65-74,pct_cc_balance,32.0529,
1992,65-74,median_debt_if_any,10152.6515,
1992,65-74,agg_debt_to_income_pct,43.7247,
1992,65-74,median_debt_to_income_debtors_pct,23.6956,
1992,65-74,agg_debt_to_assets_pct,4.2140,
1992,65-74,pct_pmt_over_40pct_income_debtors,7.4675,
1992,65-74,pct_homeowner,79.3299,
1992,65-74,pct_owners_with_home_debt,23.3497,
1992,65-74,median_home_value_owners,142965.9091,
1992,65-74,median_home_equity_owners,124318.1818,
1992,65-74,median_mortgage_owners_w_mortgage,35223.4848,
1992,65-74,agg_home_equity_share_networth_pct,25.8465,
1992,65-74,median_home_equity_share_networth_owners_pct,58.4419,
1992,75+,pct_any_debt,31.5762,
1992,75+,pct_home_secured_debt,8.5684,
1992,75+,pct_cc_balance,20.0607,
1992,75+,median_debt_if_any,4869.1288,
1992,75+,agg_debt_to_income_pct,24.0457,
1992,75+,median_debt_to_income_debtors_pct,13.6598,
1992,75+,agg_debt_to_assets_pct,2.5530,
1992,75+,pct_pmt_over_40pct_income_debtors,11.9606,
1992,75+,pct_homeowner,77.2459,
1992,75+,pct_owners_with_home_debt,11.0923,
1992,75+,median_home_value_owners,145037.8788,
1992,75+,median_home_equity_owners,142965.9091,
1992,75+,median_mortgage_owners_w_mortgage,58015.1515,
1992,75+,agg_home_equity_share_networth_pct,31.8182,
1992,75+,median_home_equity_share_networth_owners_pct,64.9833,
1992,65+,pct_any_debt,42.9630,
1992,65+,pct_home_secured_debt,14.2765,
1992,65+,pct_cc_balance,26.9371,
1992,65+,median_debt_if_any,8453.6364,
1992,65+,agg_debt_to_income_pct,36.3525,
1992,65+,median_debt_to_income_debtors_pct,21.5584,
1992,65+,agg_debt_to_assets_pct,3.6290,
1992,65+,pct_pmt_over_40pct_income_debtors,8.8762,
1992,65+,pct_homeowner,78.4409,
1992,65+,pct_owners_with_home_debt,18.2004,
1992,65+,median_home_value_owners,145037.8788,
1992,65+,median_home_equity_owners,134678.0303,
1992,65+,median_mortgage_owners_w_mortgage,35223.4848,
1992,65+,agg_home_equity_share_networth_pct,27.9734,
1992,65+,median_home_equity_share_networth_owners_pct,61.1247,
1992,all,pct_any_debt,73.2464,
1992,all,pct_home_secured_debt,39.1268,
1992,all,pct_cc_balance,43.7041,
1992,all,median_debt_if_any,35762.1970,
1992,all,agg_debt_to_income_pct,78.9617,
1992,all,median_debt_to_income_debtors_pct,60.1835,
1992,all,agg_debt_to_assets_pct,14.4583,
1992,all,pct_pmt_over_40pct_income_debtors,11.4340,
1992,all,pct_homeowner,63.9289,
1992,all,pct_owners_with_home_debt,61.2036,
1992,all,median_home_value_owners,165757.5758,
1992,all,median_home_equity_owners,97382.5758,
1992,all,median_mortgage_owners_w_mortgage,90130.6818,
1992,all,agg_home_equity_share_networth_pct,25.3693,
1992,all,median_home_equity_share_networth_owners_pct,53.5714,
1995,55-64,pct_any_debt,73.6823,
1995,55-64,pct_home_secured_debt,45.2289,
1995,55-64,pct_cc_balance,43.1691,
1995,55-64,median_debt_if_any,40643.9628,
1995,55-64,agg_debt_to_income_pct,69.9758,
1995,55-64,median_debt_to_income_debtors_pct,54.6344,
1995,55-64,agg_debt_to_assets_pct,8.9899,
1995,55-64,pct_pmt_over_40pct_income_debtors,15.1485,
1995,55-64,pct_homeowner,82.0073,
1995,55-64,pct_owners_with_home_debt,55.1523,
1995,55-64,median_home_value_owners,168382.1318,
1995,55-64,median_home_equity_owners,125802.7421,
1995,55-64,median_mortgage_owners_w_mortgage,71610.7917,
1995,55-64,agg_home_equity_share_networth_pct,20.4063,
1995,55-64,median_home_equity_share_networth_owners_pct,49.5017,
1995,65-74,pct_any_debt,53.3557,
1995,65-74,pct_home_secured_debt,24.6912,
1995,65-74,pct_cc_balance,30.4835,
1995,65-74,median_debt_if_any,13606.0504,
1995,65-74,agg_debt_to_income_pct,38.8072,
1995,65-74,median_debt_to_income_debtors_pct,28.2471,
1995,65-74,agg_debt_to_assets_pct,3.9928,
1995,65-74,pct_pmt_over_40pct_income_debtors,11.8861,
1995,65-74,pct_homeowner,79.4977,
1995,65-74,pct_owners_with_home_debt,31.0590,
1995,65-74,median_home_value_owners,164511.2782,
1995,65-74,median_home_equity_owners,145157.0102,
1995,65-74,median_mortgage_owners_w_mortgage,36773.1092,
1995,65-74,agg_home_equity_share_networth_pct,21.8954,
1995,65-74,median_home_equity_share_networth_owners_pct,53.9488,
1995,75+,pct_any_debt,28.3582,
1995,75+,pct_home_secured_debt,6.7767,
1995,75+,pct_cc_balance,17.4850,
1995,75+,median_debt_if_any,3677.3109,
1995,75+,agg_debt_to_income_pct,12.3529,
1995,75+,median_debt_to_income_debtors_pct,10.2017,
1995,75+,agg_debt_to_assets_pct,1.2430,
1995,75+,pct_pmt_over_40pct_income_debtors,7.7635,
1995,75+,pct_homeowner,72.8171,
1995,75+,pct_owners_with_home_debt,9.3064,
1995,75+,median_home_value_owners,154834.1442,
1995,75+,median_home_equity_owners,154834.1442,
1995,75+,median_mortgage_owners_w_mortgage,23225.1216,
1995,75+,agg_home_equity_share_networth_pct,28.1360,
1995,75+,median_home_equity_share_networth_owners_pct,65.7895,
1995,65+,pct_any_debt,42.1278,
1995,65+,pct_home_secured_debt,16.6447,
1995,65+,pct_cc_balance,24.6451,
1995,65+,median_debt_if_any,9677.1340,
1995,65+,agg_debt_to_income_pct,29.1408,
1995,65+,median_debt_to_income_debtors_pct,22.3916,
1995,65+,agg_debt_to_assets_pct,2.9738,
1995,65+,pct_pmt_over_40pct_income_debtors,10.6396,
1995,65+,pct_homeowner,76.4971,
1995,65+,pct_owners_with_home_debt,21.7587,
1995,65+,median_home_value_owners,154834.1442,
1995,65+,median_home_equity_owners,149027.8638,
1995,65+,median_mortgage_owners_w_mortgage,34837.6824,
1995,65+,agg_home_equity_share_networth_pct,24.2492,
1995,65+,median_home_equity_share_networth_owners_pct,57.7391,
1995,all,pct_any_debt,74.5189,
1995,all,pct_home_secured_debt,40.9776,
1995,all,pct_cc_balance,47.2602,
1995,all,median_debt_if_any,41998.7616,
1995,all,agg_debt_to_income_pct,81.3650,
1995,all,median_debt_to_income_debtors_pct,65.6388,
1995,all,agg_debt_to_assets_pct,14.5690,
1995,all,pct_pmt_over_40pct_income_debtors,11.7493,
1995,all,pct_homeowner,64.7075,
1995,all,pct_owners_with_home_debt,63.3275,
1995,all,median_home_value_owners,172252.9854,
1995,all,median_home_equity_owners,96771.3401,
1995,all,median_mortgage_owners_w_mortgage,98706.7669,
1995,all,agg_home_equity_share_networth_pct,22.5185,
1995,all,median_home_equity_share_networth_owners_pct,50.4732,
1998,55-64,pct_any_debt,76.2205,
1998,55-64,pct_home_secured_debt,49.3229,
1998,55-64,pct_cc_balance,45.6389,
1998,55-64,median_debt_if_any,62722.6667,
1998,55-64,agg_debt_to_income_pct,73.3163,
1998,55-64,median_debt_to_income_debtors_pct,69.1272,
1998,55-64,agg_debt_to_assets_pct,8.9405,
1998,55-64,pct_pmt_over_40pct_income_debtors,14.1390,
1998,55-64,pct_homeowner,80.3258,
1998,55-64,pct_owners_with_home_debt,61.4035,
1998,55-64,median_home_value_owners,200566.6667,
1998,55-64,median_home_equity_owners,133103.3333,
1998,55-64,median_mortgage_owners_w_mortgage,87520.0000,
1998,55-64,agg_home_equity_share_networth_pct,17.4606,
1998,55-64,median_home_equity_share_networth_owners_pct,42.1433,
1998,65-74,pct_any_debt,51.4379,
1998,65-74,pct_home_secured_debt,26.0234,
1998,65-74,pct_cc_balance,29.1868,
1998,65-74,median_debt_if_any,21880.0000,
1998,65-74,agg_debt_to_income_pct,50.9714,
1998,65-74,median_debt_to_income_debtors_pct,41.0153,
1998,65-74,agg_debt_to_assets_pct,4.8296,
1998,65-74,pct_pmt_over_40pct_income_debtors,18.0714,
1998,65-74,pct_homeowner,81.4669,
1998,65-74,pct_owners_with_home_debt,31.9435,
1998,65-74,median_home_value_owners,173216.6667,
1998,65-74,median_home_equity_owners,153160.0000,
1998,65-74,median_mortgage_owners_w_mortgage,47406.6667,
1998,65-74,agg_home_equity_share_networth_pct,21.4189,
1998,65-74,median_home_equity_share_networth_owners_pct,46.2504,
1998,75+,pct_any_debt,24.5706,
1998,75+,pct_home_secured_debt,11.5462,
1998,75+,pct_cc_balance,11.1909,
1998,75+,median_debt_if_any,14586.6667,
1998,75+,agg_debt_to_income_pct,23.5999,
1998,75+,median_debt_to_income_debtors_pct,31.1565,
1998,75+,agg_debt_to_assets_pct,2.1556,
1998,75+,pct_pmt_over_40pct_income_debtors,21.7321,
1998,75+,pct_homeowner,76.9908,
1998,75+,pct_owners_with_home_debt,14.9969,
1998,75+,median_home_value_owners,154983.3333,
1998,75+,median_home_equity_owners,145866.6667,
1998,75+,median_mortgage_owners_w_mortgage,38290.0000,
1998,75+,agg_home_equity_share_networth_pct,29.4204,
1998,75+,median_home_equity_share_networth_owners_pct,59.7372,
1998,65+,pct_any_debt,38.6420,
1998,65+,pct_home_secured_debt,19.1285,
1998,65+,pct_cc_balance,20.6161,
1998,65+,median_debt_if_any,19327.3333,
1998,65+,agg_debt_to_income_pct,41.0681,
1998,65+,median_debt_to_income_debtors_pct,37.5194,
1998,65+,agg_debt_to_assets_pct,3.8394,
1998,65+,pct_pmt_over_40pct_income_debtors,19.1800,
1998,65+,pct_homeowner,79.3351,
1998,65+,pct_owners_with_home_debt,24.1110,
1998,65+,median_home_value_owners,164100.0000,
1998,65+,median_home_equity_owners,145866.6667,
1998,65+,median_mortgage_owners_w_mortgage,45583.3333,
1998,65+,agg_home_equity_share_networth_pct,24.4339,
1998,65+,median_home_equity_share_networth_owners_pct,52.3783,
1998,all,pct_any_debt,74.0387,
1998,all,pct_home_secured_debt,43.1023,
1998,all,pct_cc_balance,44.0989,
1998,all,median_debt_if_any,59076.0000,
1998,all,agg_debt_to_income_pct,88.5542,
1998,all,median_debt_to_income_debtors_pct,80.3064,
1998,all,agg_debt_to_assets_pct,14.2080,
1998,all,pct_pmt_over_40pct_income_debtors,13.7847,
1998,all,pct_homeowner,66.2562,
1998,all,pct_owners_with_home_debt,65.0540,
1998,all,median_home_value_owners,182333.3333,
1998,all,median_home_equity_owners,103930.0000,
1998,all,median_mortgage_owners_w_mortgage,113046.6667,
1998,all,agg_home_equity_share_networth_pct,20.5861,
1998,all,median_home_equity_share_networth_owners_pct,42.4854,
2001,55-64,pct_any_debt,75.5865,
2001,55-64,pct_home_secured_debt,48.9737,
2001,55-64,pct_cc_balance,41.6257,
2001,55-64,median_debt_if_any,57587.7582,
2001,55-64,agg_debt_to_income_pct,63.3860,
2001,55-64,median_debt_to_income_debtors_pct,67.8162,
2001,55-64,agg_debt_to_assets_pct,7.1478,
2001,55-64,pct_pmt_over_40pct_income_debtors,12.2467,
2001,55-64,pct_homeowner,83.1927,
2001,55-64,pct_owners_with_home_debt,58.8678,
2001,55-64,median_home_value_owners,217628.1561,
2001,55-64,median_home_equity_owners,150665.6465,
2001,55-64,median_mortgage_owners_w_mortgage,92073.4507,
2001,55-64,agg_home_equity_share_networth_pct,17.2188,
2001,55-64,median_home_equity_share_networth_owners_pct,38.0479,
2001,65-74,pct_any_debt,56.7780,
2001,65-74,pct_home_secured_debt,31.9987,
2001,65-74,pct_cc_balance,29.9590,
2001,65-74,median_debt_if_any,21930.2219,
2001,65-74,agg_debt_to_income_pct,51.5261,
2001,65-74,median_debt_to_income_debtors_pct,53.3566,
2001,65-74,agg_debt_to_assets_pct,4.2174,
2001,65-74,pct_pmt_over_40pct_income_debtors,14.6035,
2001,65-74,pct_homeowner,82.5326,
2001,65-74,pct_owners_with_home_debt,38.7709,
2001,65-74,median_home_value_owners,215954.0933,
2001,65-74,median_home_equity_owners,169080.3366,
2001,65-74,median_mortgage_owners_w_mortgage,65288.4468,
2001,65-74,agg_home_equity_share_networth_pct,19.5889,
2001,65-74,median_home_equity_share_networth_owners_pct,47.7164,
2001,75+,pct_any_debt,29.1900,
2001,75+,pct_home_secured_debt,9.4764,
2001,75+,pct_cc_balance,18.3596,
2001,75+,median_debt_if_any,8370.3137,
2001,75+,agg_debt_to_income_pct,22.2151,
2001,75+,median_debt_to_income_debtors_pct,19.8563,
2001,75+,agg_debt_to_assets_pct,1.7111,
2001,75+,pct_pmt_over_40pct_income_debtors,14.5980,
2001,75+,pct_homeowner,76.2300,
2001,75+,pct_owners_with_home_debt,12.4313,
2001,75+,median_home_value_owners,187495.0268,
2001,75+,median_home_equity_owners,167406.2739,
2001,75+,median_mortgage_owners_w_mortgage,75332.8233,
2001,75+,agg_home_equity_share_networth_pct,26.3043,
2001,75+,median_home_equity_share_networth_owners_pct,55.4187,
2001,65+,pct_any_debt,43.2231,
2001,65+,pct_home_secured_debt,20.9327,
2001,65+,pct_cc_balance,24.2598,
2001,65+,median_debt_if_any,18414.6901,
2001,65+,agg_debt_to_income_pct,40.3877,
2001,65+,median_debt_to_income_debtors_pct,38.1805,
2001,65+,agg_debt_to_assets_pct,3.2289,
2001,65+,pct_pmt_over_40pct_income_debtors,14.6017,
2001,65+,pct_homeowner,79.4359,
2001,65+,pct_owners_with_home_debt,26.3517,
2001,65+,median_home_value_owners,209257.8424,
2001,65+,median_home_equity_owners,167406.2739,
2001,65+,median_mortgage_owners_w_mortgage,73658.7605,
2001,65+,agg_home_equity_share_networth_pct,22.2792,
2001,65+,median_home_equity_share_networth_owners_pct,50.3356,
2001,all,pct_any_debt,75.1301,
2001,all,pct_home_secured_debt,44.6363,
2001,all,pct_cc_balance,44.3759,
2001,all,median_debt_if_any,64786.2280,
2001,all,agg_debt_to_income_pct,78.8193,
2001,all,median_debt_to_income_debtors_pct,76.2966,
2001,all,agg_debt_to_assets_pct,12.0585,
2001,all,pct_pmt_over_40pct_income_debtors,11.7273,
2001,all,pct_homeowner,67.6882,
2001,all,pct_owners_with_home_debt,65.9439,
2001,all,median_home_value_owners,205909.7169,
2001,all,median_home_equity_owners,117184.3917,
2001,all,median_mortgage_owners_w_mortgage,117184.3917,
2001,all,agg_home_equity_share_networth_pct,20.5370,
2001,all,median_home_equity_share_networth_owners_pct,41.2303,
2004,55-64,pct_any_debt,76.3415,1.3399
2004,55-64,pct_home_secured_debt,50.9809,1.6070
2004,55-64,pct_cc_balance,42.1420,1.7123
2004,55-64,median_debt_if_any,73849.9102,5959.5076
2004,55-64,agg_debt_to_income_pct,87.0433,5.5106
2004,55-64,median_debt_to_income_debtors_pct,76.7400,6.3110
2004,55-64,agg_debt_to_assets_pct,9.2954,0.5810
2004,55-64,pct_pmt_over_40pct_income_debtors,10.5012,1.1316
2004,55-64,pct_homeowner,79.1169,0.9828
2004,55-64,pct_owners_with_home_debt,64.4374,1.8339
2004,55-64,median_home_value_owners,314254.9372,9365.1186
2004,55-64,median_home_equity_owners,216835.9066,13098.4731
2004,55-64,median_mortgage_owners_w_mortgage,130415.7989,7183.8721
2004,55-64,agg_home_equity_share_networth_pct,22.6628,0.8541
2004,55-64,median_home_equity_share_networth_owners_pct,42.5894,2.6422
2004,65-74,pct_any_debt,58.7570,2.1420
2004,65-74,pct_home_secured_debt,32.1144,1.6344
2004,65-74,pct_cc_balance,31.9064,2.2028
2004,65-74,median_debt_if_any,39281.8671,6138.8633
2004,65-74,agg_debt_to_income_pct,63.1742,5.3375
2004,65-74,median_debt_to_income_debtors_pct,56.1927,9.5960
2004,65-74,agg_debt_to_assets_pct,5.1700,0.4709
2004,65-74,pct_pmt_over_40pct_income_debtors,10.9631,1.7927
2004,65-74,pct_homeowner,81.3262,1.2873
2004,65-74,pct_owners_with_home_debt,39.4884,1.9046
2004,65-74,median_home_value_owners,235691.2029,11437.2247
2004,65-74,median_home_equity_owners,196409.3357,10204.5863
2004,65-74,median_mortgage_owners_w_mortgage,80135.0090,9759.8773
2004,65-74,agg_home_equity_share_networth_pct,23.3598,1.3515
2004,65-74,median_home_equity_share_networth_owners_pct,49.6172,3.2691
2004,75+,pct_any_debt,40.3386,2.2347
2004,75+,pct_home_secured_debt,18.7231,1.8446
2004,75+,pct_cc_balance,23.5349,2.0778
2004,75+,median_debt_if_any,24197.6302,6212.4052
2004,75+,agg_debt_to_income_pct,52.1686,9.3392
2004,75+,median_debt_to_income_debtors_pct,52.9211,14.0169
2004,75+,agg_debt_to_assets_pct,3.8896,0.6837
2004,75+,pct_pmt_over_40pct_income_debtors,13.3958,2.8269
2004,75+,pct_homeowner,85.1903,1.4312
2004,75+,pct_owners_with_home_debt,21.9780,2.2086
2004,75+,median_home_value_owners,196409.3357,7326.7336
2004,75+,median_home_equity_owners,188552.9623,10986.6403
2004,75+,median_mortgage_owners_w_mortgage,48709.5153,9493.7186
2004,75+,agg_home_equity_share_networth_pct,32.2283,2.0922
2004,75+,median_home_equity_share_networth_owners_pct,60.9199,4.1775
2004,65+,pct_any_debt,49.4456,1.5706
2004,65+,pct_home_secured_debt,25.3445,1.2059
2004,65+,pct_cc_balance,27.6742,1.4639
2004,65+,median_debt_if_any,31425.4937,4373.9182
2004,65+,agg_debt_to_income_pct,58.6462,5.3931
2004,65+,median_debt_to_income_debtors_pct,56.1927,7.9514
2004,65+,agg_debt_to_assets_pct,4.6141,0.4167
2004,65+,pct_pmt_over_40pct_income_debtors,11.9664,1.4995
2004,65+,pct_homeowner,83.2797,0.7220
2004,65+,pct_owners_with_home_debt,30.4330,1.4504
2004,65+,median_home_value_owners,219978.4560,12809.9993
2004,65+,median_home_equity_owners,188552.9623,7983.1919
2004,65+,median_mortgage_owners_w_mortgage,67564.8115,7064.6399
2004,65+,agg_home_equity_share_networth_pct,27.2394,1.1978
2004,65+,median_home_equity_share_networth_owners_pct,56.0870,1.8313
2004,all,pct_any_debt,76.4317,0.5416
2004,all,pct_home_secured_debt,47.8897,0.5260
2004,all,pct_cc_balance,46.1730,0.6518
2004,all,median_debt_if_any,86891.4901,3585.8827
2004,all,agg_debt_to_income_pct,111.9464,2.5654
2004,all,median_debt_to_income_debtors_pct,106.3457,2.8311
2004,all,agg_debt_to_assets_pct,14.9717,0.3306
2004,all,pct_pmt_over_40pct_income_debtors,12.3548,0.5326
2004,all,pct_homeowner,69.0528,0.0756
2004,all,pct_owners_with_home_debt,69.3523,0.7603
2004,all,median_home_value_owners,251403.9497,6869.9094
2004,all,median_home_equity_owners,135129.6230,6033.8282
2004,all,median_mortgage_owners_w_mortgage,149271.0952,4701.2874
2004,all,agg_home_equity_share_networth_pct,24.7391,0.5344
2004,all,median_home_equity_share_networth_owners_pct,49.7451,0.9129
2007,55-64,pct_any_debt,81.7691,1.4869
2007,55-64,pct_home_secured_debt,55.3178,1.6034
2007,55-64,pct_cc_balance,49.9491,1.6706
2007,55-64,median_debt_if_any,86203.4794,7378.4079
2007,55-64,agg_debt_to_income_pct,97.0890,5.3335
2007,55-64,median_debt_to_income_debtors_pct,98.0595,7.8430
2007,55-64,agg_debt_to_assets_pct,10.3204,0.5349
2007,55-64,pct_pmt_over_40pct_income_debtors,14.7856,1.5323
2007,55-64,pct_homeowner,81.0241,1.0422
2007,55-64,pct_owners_with_home_debt,68.2733,1.6830
2007,55-64,median_home_value_owners,300510.1373,19015.1102
2007,55-64,median_home_equity_owners,200340.0916,12313.9452
2007,55-64,median_mortgage_owners_w_mortgage,121635.0556,6287.6091
2007,55-64,agg_home_equity_share_networth_pct,19.6249,0.8833
2007,55-64,median_home_equity_share_networth_owners_pct,42.8212,1.5994
2007,65-74,pct_any_debt,65.5071,1.9031
2007,65-74,pct_home_secured_debt,42.8627,2.0603
2007,65-74,pct_cc_balance,37.0464,1.9251
2007,65-74,median_debt_if_any,57426.0562,9488.5664
2007,65-74,agg_debt_to_income_pct,76.5753,6.2851
2007,65-74,median_debt_to_income_debtors_pct,83.9859,7.1220
2007,65-74,agg_debt_to_assets_pct,6.5035,0.4961
2007,65-74,pct_pmt_over_40pct_income_debtors,15.2663,1.8336
2007,65-74,pct_homeowner,85.4718,1.1320
2007,65-74,pct_owners_with_home_debt,50.1483,2.3530
2007,65-74,median_home_value_owners,286200.1308,13923.3070
2007,65-74,median_home_equity_owners,214650.0981,15440.8667
2007,65-74,median_mortgage_owners_w_mortgage,98739.0451,11926.6432
2007,65-74,agg_home_equity_share_networth_pct,24.0687,1.4680
2007,65-74,median_home_equity_share_networth_owners_pct,50.3597,2.7713
2007,75+,pct_any_debt,31.4397,2.3650
2007,75+,pct_home_secured_debt,13.9220,1.7356
2007,75+,pct_cc_balance,18.7737,1.7669
2007,75+,median_debt_if_any,18603.0085,6332.7016
2007,75+,agg_debt_to_income_pct,30.8280,4.1999
2007,75+,median_debt_to_income_debtors_pct,44.1118,12.7550
2007,75+,agg_debt_to_assets_pct,2.1588,0.2926
2007,75+,pct_pmt_over_40pct_income_debtors,13.8645,3.2270
2007,75+,pct_homeowner,77.0244,1.7514
2007,75+,pct_owners_with_home_debt,18.0747,2.2244
2007,75+,median_home_value_owners,214650.0981,10111.3252
2007,75+,median_home_equity_owners,200340.0916,10398.9478
2007,75+,median_mortgage_owners_w_mortgage,57240.0262,11449.0956
2007,75+,agg_home_equity_share_networth_pct,29.5911,1.8226
2007,75+,median_home_equity_share_networth_owners_pct,58.5822,2.9159
2007,65+,pct_any_debt,48.3974,1.6457
2007,65+,pct_home_secured_debt,28.3278,1.4817
2007,65+,pct_cc_balance,27.8693,1.3599
2007,65+,median_debt_if_any,38637.0177,3584.6494
2007,65+,agg_debt_to_income_pct,61.2988,4.2879
2007,65+,median_debt_to_income_debtors_pct,69.2363,5.6259
2007,65+,agg_debt_to_assets_pct,4.8607,0.3086
2007,65+,pct_pmt_over_40pct_income_debtors,14.8090,1.6967
2007,65+,pct_homeowner,81.2292,0.7992
2007,65+,pct_owners_with_home_debt,34.8739,1.8120
2007,65+,median_home_value_owners,243270.1112,12816.9413
2007,65+,median_home_equity_owners,213219.0974,12110.6399
2007,65+,median_mortgage_owners_w_mortgage,85860.0392,10963.8382
2007,65+,agg_home_equity_share_networth_pct,26.2162,1.1517
2007,65+,median_home_equity_share_networth_owners_pct,54.5520,1.9096
2007,all,pct_any_debt,77.0326,0.5950
2007,all,pct_home_secured_debt,48.6562,0.5537
2007,all,pct_cc_balance,46.0605,0.7037
2007,all,median_debt_if_any,96306.3440,2835.5512
2007,all,agg_debt_to_income_pct,115.3639,2.4895
2007,all,median_debt_to_income_debtors_pct,110.6499,2.9135
2007,all,agg_debt_to_assets_pct,14.8474,0.3053
2007,all,pct_pmt_over_40pct_income_debtors,14.7044,0.5841
2007,all,pct_homeowner,68.6361,0.0701
2007,all,pct_owners_with_home_debt,70.8900,0.8082
2007,all,median_home_value_owners,286200.1308,3488.9114
2007,all,median_home_equity_owners,150255.0687,5433.8995
2007,all,median_mortgage_owners_w_mortgage,153117.0700,4674.7414
2007,all,agg_home_equity_share_networth_pct,24.2854,0.4672
2007,all,median_home_equity_share_networth_owners_pct,50.1002,0.9454
2010,55-64,pct_any_debt,77.7027,1.0736
2010,55-64,pct_home_secured_debt,53.6474,1.3456
2010,55-64,pct_cc_balance,41.3695,1.2065
2010,55-64,median_debt_if_any,105166.0424,5246.5353
2010,55-64,agg_debt_to_income_pct,102.7884,5.1616
2010,55-64,median_debt_to_income_debtors_pct,102.8379,5.6158
2010,55-64,agg_debt_to_assets_pct,10.9824,0.5150
2010,55-64,pct_pmt_over_40pct_income_debtors,13.0974,0.8604
2010,55-64,pct_homeowner,78.0646,0.8260
2010,55-64,pct_owners_with_home_debt,68.7219,1.5606
2010,55-64,median_home_value_owners,252671.6604,10281.5343
2010,55-64,median_home_equity_owners,141086.3920,6581.6449
2010,55-64,median_mortgage_owners_w_mortgage,132481.8976,3797.3805
2010,55-64,agg_home_equity_share_networth_pct,18.1692,0.6880
2010,55-64,median_home_equity_share_networth_owners_pct,36.9344,1.8388
2010,65-74,pct_any_debt,65.2065,1.6473
2010,65-74,pct_home_secured_debt,40.4951,1.6897
2010,65-74,pct_cc_balance,31.9103,1.5740
2010,65-74,median_debt_if_any,60914.3571,6634.8838
2010,65-74,agg_debt_to_income_pct,94.3325,6.6860
2010,65-74,median_debt_to_income_debtors_pct,86.8282,8.1865
2010,65-74,agg_debt_to_assets_pct,7.8018,0.6138
2010,65-74,pct_pmt_over_40pct_income_debtors,11.9981,1.4547
2010,65-74,pct_homeowner,82.5739,0.8479
2010,65-74,pct_owners_with_home_debt,49.0410,1.9619
2010,65-74,median_home_value_owners,225355.8052,14854.7737
2010,65-74,median_home_equity_owners,163895.1311,10275.4906
2010,65-74,median_mortgage_owners_w_mortgage,95605.4931,11285.3111
2010,65-74,agg_home_equity_share_networth_pct,20.6651,0.9652
2010,65-74,median_home_equity_share_networth_owners_pct,47.3469,3.0330
2010,75+,pct_any_debt,38.5299,1.8490
2010,75+,pct_home_secured_debt,24.1771,1.6723
2010,75+,pct_cc_balance,21.6857,1.5100
2010,75+,median_debt_if_any,40973.7828,5428.1774
2010,75+,agg_debt_to_income_pct,60.0455,6.3138
2010,75+,median_debt_to_income_debtors_pct,85.2846,14.4798
2010,75+,agg_debt_to_assets_pct,4.0138,0.4435
2010,75+,pct_pmt_over_40pct_income_debtors,11.8790,1.6102
2010,75+,pct_homeowner,81.8748,1.1628
2010,75+,pct_owners_with_home_debt,29.5294,2.0186
2010,75+,median_home_value_owners,204868.9139,6324.6260
2010,75+,median_home_equity_owners,177553.0587,12767.1731
2010,75+,median_mortgage_owners_w_mortgage,71021.2235,10728.8437
2010,75+,agg_home_equity_share_networth_pct,26.0445,1.7930
2010,75+,median_home_equity_share_networth_owners_pct,53.7775,3.1993
2010,65+,pct_any_debt,52.3246,1.2300
2010,65+,pct_home_secured_debt,32.6153,1.1545
2010,65+,pct_cc_balance,26.9729,1.0193
2010,65+,median_debt_if_any,54358.5518,5001.1358
2010,65+,agg_debt_to_income_pct,81.9353,4.6822
2010,65+,median_debt_to_income_debtors_pct,86.6950,7.3101
2010,65+,agg_debt_to_assets_pct,6.2411,0.3728
2010,65+,pct_pmt_over_40pct_income_debtors,11.9558,1.1677
2010,65+,pct_homeowner,82.2363,0.6494
2010,65+,pct_owners_with_home_debt,39.6605,1.3642
2010,65+,median_home_value_owners,204868.9139,10007.4203
2010,65+,median_home_equity_owners,170724.0949,8016.1396
2010,65+,median_mortgage_owners_w_mortgage,86044.9438,6353.6884
2010,65+,agg_home_equity_share_networth_pct,22.9341,0.9324
2010,65+,median_home_equity_share_networth_owners_pct,51.4124,2.1122
2010,all,pct_any_debt,74.9436,0.5018
2010,all,pct_home_secured_debt,47.0008,0.5421
2010,all,pct_cc_balance,39.4224,0.6355
2010,all,median_debt_if_any,96424.9688,3367.4621
2010,all,agg_debt_to_income_pct,124.6826,2.5608
2010,all,median_debt_to_income_debtors_pct,117.1149,2.9192
2010,all,agg_debt_to_assets_pct,16.4821,0.3933
2010,all,pct_pmt_over_40pct_income_debtors,13.8602,0.5000
2010,all,pct_homeowner,67.2869,0.0556
2010,all,pct_owners_with_home_debt,69.8513,0.8105
2010,all,median_home_value_owners,232184.7690,5694.3436
2010,all,median_home_equity_owners,102434.4569,2826.2278
2010,all,median_mortgage_owners_w_mortgage,148871.4107,2964.6875
2010,all,agg_home_equity_share_networth_pct,20.8698,0.5178
2010,all,median_home_equity_share_networth_owners_pct,42.6078,1.1368
2013,55-64,pct_any_debt,78.6503,1.0889
2013,55-64,pct_home_secured_debt,48.8823,1.3203
2013,55-64,pct_cc_balance,43.4136,1.1405
2013,55-64,median_debt_if_any,80697.6149,6914.7860
2013,55-64,agg_debt_to_income_pct,94.7386,5.2344
2013,55-64,median_debt_to_income_debtors_pct,92.6402,5.7061
2013,55-64,agg_debt_to_assets_pct,11.5366,0.5881
2013,55-64,pct_pmt_over_40pct_income_debtors,13.9853,0.9137
2013,55-64,pct_homeowner,74.2411,0.6366
2013,55-64,pct_owners_with_home_debt,65.8427,1.6587
2013,55-64,median_home_value_owners,235474.1129,9263.7672
2013,55-64,median_home_equity_owners,127283.3042,5701.3409
2013,55-64,median_mortgage_owners_w_mortgage,129828.9703,6445.7711
2013,55-64,agg_home_equity_share_networth_pct,18.1970,0.7375
2013,55-64,median_home_equity_share_networth_owners_pct,36.3128,1.3749
2013,65-74,pct_any_debt,66.4361,1.2984
2013,65-74,pct_home_secured_debt,42.1719,1.6820
2013,65-74,pct_cc_balance,32.7513,1.3247
2013,65-74,median_debt_if_any,56004.6539,4932.4633
2013,65-74,agg_debt_to_income_pct,73.8555,4.4142
2013,65-74,median_debt_to_income_debtors_pct,82.0906,7.2018
2013,65-74,agg_debt_to_assets_pct,6.4516,0.4086
2013,65-74,pct_pmt_over_40pct_income_debtors,12.3489,1.3299
2013,65-74,pct_homeowner,85.8001,0.8898
2013,65-74,pct_owners_with_home_debt,49.1513,1.9453
2013,65-74,median_home_value_owners,222745.7824,7111.8808
2013,65-74,median_home_equity_owners,165468.2955,7456.1281
2013,65-74,median_mortgage_owners_w_mortgage,103099.4764,8076.7721
2013,65-74,agg_home_equity_share_networth_pct,18.9610,0.7726
2013,65-74,median_home_equity_share_networth_owners_pct,43.8116,2.8594
2013,75+,pct_any_debt,41.3518,1.6410
2013,75+,pct_home_secured_debt,19.8520,1.2569
2013,75+,pct_cc_balance,21.1070,1.4426
2013,75+,median_debt_if_any,25456.6608,5358.4926
2013,75+,agg_debt_to_income_pct,46.8096,4.1920
2013,75+,median_debt_to_income_debtors_pct,51.7078,12.1917
2013,75+,agg_debt_to_assets_pct,3.7406,0.3916
2013,75+,pct_pmt_over_40pct_income_debtors,9.9831,2.0018
2013,75+,pct_homeowner,80.1699,1.0084
2013,75+,pct_owners_with_home_debt,24.7624,1.5361
2013,75+,median_home_value_owners,184560.7912,8122.2621
2013,75+,median_home_equity_owners,152739.9651,6572.2825
2013,75+,median_mortgage_owners_w_mortgage,68732.9843,10294.2851
2013,75+,agg_home_equity_share_networth_pct,24.7218,1.6903
2013,75+,median_home_equity_share_networth_owners_pct,59.1646,2.3039
2013,65+,pct_any_debt,55.0517,1.0198
2013,65+,pct_home_secured_debt,32.0421,1.1409
2013,65+,pct_cc_balance,27.4666,0.9938
2013,65+,median_debt_if_any,43276.3234,3033.0873
2013,65+,agg_debt_to_income_pct,65.7057,3.3922
2013,65+,median_debt_to_income_debtors_pct,72.5284,6.3459
2013,65+,agg_debt_to_assets_pct,5.5830,0.2948
2013,65+,pct_pmt_over_40pct_income_debtors,11.5424,1.1014
2013,65+,pct_homeowner,83.2449,0.5143
2013,65+,pct_owners_with_home_debt,38.4914,1.3180
2013,65+,median_home_value_owners,203653.2868,7695.7147
2013,65+,median_home_equity_owners,159104.1303,4470.5684
2013,65+,median_mortgage_owners_w_mortgage,92916.8121,6941.9855
2013,65+,agg_home_equity_share_networth_pct,20.8428,0.6875
2013,65+,median_home_equity_share_networth_owners_pct,50.8946,1.4998
2013,all,pct_any_debt,74.5445,0.4048
2013,all,pct_home_secured_debt,42.9180,0.4377
2013,all,pct_cc_balance,38.1432,0.5637
2013,all,median_debt_if_any,76879.1158,2738.3245
2013,all,agg_debt_to_income_pct,105.1890,2.3108
2013,all,median_debt_to_income_debtors_pct,106.7178,3.0040
2013,all,agg_debt_to_assets_pct,14.7110,0.3061
2013,all,pct_pmt_over_40pct_income_debtors,10.9856,0.4445
2013,all,pct_homeowner,65.1523,0.0631
2013,all,pct_owners_with_home_debt,65.8734,0.6720
2013,all,median_home_value_owners,216381.6172,3766.4856
2013,all,median_home_equity_owners,101826.6434,2110.8927
2013,all,median_mortgage_owners_w_mortgage,146375.7999,2369.9390
2013,all,agg_home_equity_share_networth_pct,19.6524,0.3875
2013,all,median_home_equity_share_networth_owners_pct,41.6529,0.7723
2016,55-64,pct_any_debt,77.0730,0.9427
2016,55-64,pct_home_secured_debt,49.0264,1.0501
2016,55-64,pct_cc_balance,41.4145,1.0331
2016,55-64,median_debt_if_any,85102.5930,4692.0630
2016,55-64,agg_debt_to_income_pct,76.8670,4.0604
2016,55-64,median_debt_to_income_debtors_pct,86.3839,4.3374
2016,55-64,agg_debt_to_assets_pct,8.5004,0.4367
2016,55-64,pct_pmt_over_40pct_income_debtors,10.9290,0.9286
2016,55-64,pct_homeowner,73.7242,0.6616
2016,55-64,pct_owners_with_home_debt,66.4997,1.2987
2016,55-64,median_home_value_owners,246674.1826,14200.8130
2016,55-64,median_home_equity_owners,159104.8478,8718.4988
2016,55-64,median_mortgage_owners_w_mortgage,118403.6077,6069.8989
2016,55-64,agg_home_equity_share_networth_pct,15.2965,0.6585
2016,55-64,median_home_equity_share_networth_owners_pct,40.5680,1.6462
2016,65-74,pct_any_debt,70.1424,1.1626
2016,65-74,pct_home_secured_debt,38.8234,1.4676
2016,65-74,pct_cc_balance,42.1361,1.4367
2016,65-74,median_debt_if_any,51308.2300,6103.7056
2016,65-74,agg_debt_to_income_pct,62.4062,3.9941
2016,65-74,median_debt_to_income_debtors_pct,63.5955,4.0232
2016,65-74,agg_debt_to_assets_pct,5.8656,0.3281
2016,65-74,pct_pmt_over_40pct_income_debtors,8.4966,0.9703
2016,65-74,pct_homeowner,79.0761,0.9462
2016,65-74,pct_owners_with_home_debt,49.0962,1.8043
2016,65-74,median_home_value_owners,222006.7644,7169.8612
2016,65-74,median_home_equity_owners,160338.2187,9165.5382
2016,65-74,median_mortgage_owners_w_mortgage,97436.3021,5286.6768
2016,65-74,agg_home_equity_share_networth_pct,17.7908,0.7958
2016,65-74,median_home_equity_share_networth_owners_pct,39.4737,1.4881
2016,75+,pct_any_debt,49.7718,1.5764
2016,75+,pct_home_secured_debt,26.5348,1.5404
2016,75+,pct_cc_balance,26.1569,1.6034
2016,75+,median_debt_if_any,25777.4521,3675.1143
2016,75+,agg_debt_to_income_pct,47.7435,4.9303
2016,75+,median_debt_to_income_debtors_pct,62.9016,10.1292
2016,75+,agg_debt_to_assets_pct,3.3372,0.3846
2016,75+,pct_pmt_over_40pct_income_debtors,10.5361,1.5353
2016,75+,pct_homeowner,83.1014,0.9937
2016,75+,pct_owners_with_home_debt,31.9306,1.8159
2016,75+,median_home_value_owners,215839.9098,10330.1397
2016,75+,median_home_equity_owners,187472.3788,9853.1360
2016,75+,median_mortgage_owners_w_mortgage,66602.0293,9445.0229
2016,75+,agg_home_equity_share_networth_pct,19.6835,0.9770
2016,75+,median_home_equity_share_networth_owners_pct,49.7579,3.0847
2016,65+,pct_any_debt,61.1398,0.9072
2016,65+,pct_home_secured_debt,33.3925,1.0361
2016,65+,pct_cc_balance,35.0742,1.0845
2016,65+,median_debt_if_any,38296.1669,4006.2791
2016,65+,agg_debt_to_income_pct,57.0434,3.1005
2016,65+,median_debt_to_income_debtors_pct,63.1189,4.0947
2016,65+,agg_debt_to_assets_pct,4.7613,0.2391
2016,65+,pct_pmt_over_40pct_income_debtors,9.2304,0.8519
2016,65+,pct_homeowner,80.8551,0.5130
2016,65+,pct_owners_with_home_debt,41.2992,1.2325
2016,65+,median_home_value_owners,220773.3935,4684.0948
2016,65+,median_home_equity_owners,176988.7260,7331.6070
2016,65+,median_mortgage_owners_w_mortgage,88802.7057,5654.3294
2016,65+,agg_home_equity_share_networth_pct,18.6298,0.5994
2016,65+,median_home_equity_share_networth_owners_pct,43.1332,1.6938
2016,all,pct_any_debt,77.1156,0.3912
2016,all,pct_home_secured_debt,41.8665,0.4140
2016,all,pct_cc_balance,43.8989,0.5514
2016,all,median_debt_if_any,74002.2548,1676.2564
2016,all,agg_debt_to_income_pct,93.3834,2.1807
2016,all,median_debt_to_income_debtors_pct,94.7221,2.3300
2016,all,agg_debt_to_assets_pct,12.1670,0.2865
2016,all,pct_pmt_over_40pct_income_debtors,9.2116,0.3620
2016,all,pct_homeowner,63.7186,0.0571
2016,all,pct_owners_with_home_debt,65.7053,0.6463
2016,all,median_home_value_owners,228173.6189,4999.9417
2016,all,median_home_equity_owners,123337.0913,1966.2970
2016,all,median_mortgage_owners_w_mortgage,136904.1714,3347.9533
2016,all,agg_home_equity_share_networth_pct,18.2651,0.4429
2016,all,median_home_equity_share_networth_owners_pct,43.2900,0.8176
2019,55-64,pct_any_debt,77.3485,0.9556
2019,55-64,pct_home_secured_debt,46.2230,1.0557
2019,55-64,pct_cc_balance,46.6127,1.1373
2019,55-64,median_debt_if_any,71291.1258,5553.4823
2019,55-64,agg_debt_to_income_pct,86.4374,4.4266
2019,55-64,median_debt_to_income_debtors_pct,86.9923,4.3730
2019,55-64,agg_debt_to_assets_pct,8.7436,0.4652
2019,55-64,pct_pmt_over_40pct_income_debtors,9.5052,0.9615
2019,55-64,pct_homeowner,74.0769,0.8130
2019,55-64,pct_owners_with_home_debt,62.3988,1.2130
2019,55-64,median_home_value_owners,266617.2185,10708.7822
2019,55-64,median_home_equity_owners,162288.7417,7820.7138
2019,55-64,median_mortgage_owners_w_mortgage,127512.5828,8956.5967
2019,55-64,agg_home_equity_share_networth_pct,17.6831,0.7554
2019,55-64,median_home_equity_share_networth_owners_pct,41.4674,1.7670
2019,65-74,pct_any_debt,69.9538,1.4860
2019,65-74,pct_home_secured_debt,37.6295,1.5301
2019,65-74,pct_cc_balance,41.1329,1.4888
2019,65-74,median_debt_if_any,46368.2119,4661.4125
2019,65-74,agg_debt_to_income_pct,68.4654,4.3775
2019,65-74,median_debt_to_income_debtors_pct,56.1241,5.5147
2019,65-74,agg_debt_to_assets_pct,5.7097,0.3381
2019,65-74,pct_pmt_over_40pct_income_debtors,9.5798,1.0684
2019,65-74,pct_homeowner,78.3570,1.0598
2019,65-74,pct_owners_with_home_debt,48.0231,1.6998
2019,65-74,median_home_value_owners,278209.2715,11747.5768
2019,65-74,median_home_equity_owners,208656.9536,7668.0504
2019,65-74,median_mortgage_owners_w_mortgage,103169.2715,7029.5705
2019,65-74,agg_home_equity_share_networth_pct,18.6101,0.9532
2019,65-74,median_home_equity_share_networth_owners_pct,47.0396,1.8443
2019,75+,pct_any_debt,51.3555,1.8028
2019,75+,pct_home_secured_debt,27.7161,1.6097
2019,75+,pct_cc_balance,27.9955,1.6983
2019,75+,median_debt_if_any,33616.9536,6706.8018
2019,75+,agg_debt_to_income_pct,60.4270,4.7749
2019,75+,median_debt_to_income_debtors_pct,66.9104,6.2348
2019,75+,agg_debt_to_assets_pct,4.4689,0.3781
2019,75+,pct_pmt_over_40pct_income_debtors,9.7369,1.5166
2019,75+,pct_homeowner,82.3834,1.3176
2019,75+,pct_owners_with_home_debt,33.6428,1.9476
2019,75+,median_home_value_owners,231841.0596,6708.6783
2019,75+,median_home_equity_owners,184313.6424,8093.9843
2019,75+,median_mortgage_owners_w_mortgage,95054.8344,12756.9861
2019,75+,agg_home_equity_share_networth_pct,21.7190,1.2425
2019,75+,median_home_equity_share_networth_owners_pct,54.9769,2.1761
2019,65+,pct_any_debt,62.0736,1.1034
2019,65+,pct_home_secured_debt,33.4291,1.0018
2019,65+,pct_cc_balance,35.5665,1.1248
2019,65+,median_debt_if_any,39412.9801,5211.8520
2019,65+,agg_debt_to_income_pct,65.7603,3.2016
2019,65+,median_debt_to_income_debtors_pct,61.3857,4.0957
2019,65+,agg_debt_to_assets_pct,5.2583,0.2421
2019,65+,pct_pmt_over_40pct_income_debtors,9.6349,0.8967
2019,65+,pct_homeowner,80.0630,0.5858
2019,65+,pct_owners_with_home_debt,41.7535,1.1527
2019,65+,median_home_value_owners,237637.0861,11147.3173
2019,65+,median_home_equity_owners,197064.9007,5828.6120
2019,65+,median_mortgage_owners_w_mortgage,99691.6556,6507.9284
2019,65+,agg_home_equity_share_networth_pct,19.7507,0.7437
2019,65+,median_home_equity_share_networth_owners_pct,50.6073,1.7205
2019,all,pct_any_debt,76.6272,0.4924
2019,all,pct_home_secured_debt,42.0865,0.4692
2019,all,pct_cc_balance,45.3932,0.6627
2019,all,median_debt_if_any,75348.3444,3385.2955
2019,all,agg_debt_to_income_pct,101.2632,2.2549
2019,all,median_debt_to_income_debtors_pct,95.5263,2.0934
2019,all,agg_debt_to_assets_pct,12.5932,0.2905
2019,all,pct_pmt_over_40pct_income_debtors,9.6573,0.4682
2019,all,pct_homeowner,64.8986,0.0853
2019,all,pct_owners_with_home_debt,64.8496,0.7166
2019,all,median_home_value_owners,260821.1921,5020.6891
2019,all,median_home_equity_owners,139104.6358,3184.5870
2019,all,median_mortgage_owners_w_mortgage,156492.7152,3637.4485
2019,all,agg_home_equity_share_networth_pct,19.7356,0.4566
2019,all,median_home_equity_share_networth_owners_pct,49.1340,1.2698
2022,55-64,pct_any_debt,77.1982,1.4243
2022,55-64,pct_home_secured_debt,48.3889,1.5335
2022,55-64,pct_cc_balance,44.3202,1.6168
2022,55-64,median_debt_if_any,90000.0000,8502.8366
2022,55-64,agg_debt_to_income_pct,75.4791,4.0263
2022,55-64,median_debt_to_income_debtors_pct,94.1720,6.5616
2022,55-64,agg_debt_to_assets_pct,7.8056,0.4183
2022,55-64,pct_pmt_over_40pct_income_debtors,10.7220,1.3012
2022,55-64,pct_homeowner,77.8398,0.9931
2022,55-64,pct_owners_with_home_debt,62.1647,1.8245
2022,55-64,median_home_value_owners,350000.0000,9849.1414
2022,55-64,median_home_equity_owners,232000.0000,13461.9472
2022,55-64,median_mortgage_owners_w_mortgage,125000.0000,5653.8152
2022,55-64,agg_home_equity_share_networth_pct,19.3391,0.8085
2022,55-64,median_home_equity_share_networth_owners_pct,48.0451,2.6188
2022,65-74,pct_any_debt,64.7779,1.5844
2022,65-74,pct_home_secured_debt,32.1672,1.6535
2022,65-74,pct_cc_balance,33.9102,1.5859
2022,65-74,median_debt_if_any,45000.0000,6769.7062
2022,65-74,agg_debt_to_income_pct,61.6903,4.6240
2022,65-74,median_debt_to_income_debtors_pct,64.2732,6.6926
2022,65-74,agg_debt_to_assets_pct,4.6794,0.3927
2022,65-74,pct_pmt_over_40pct_income_debtors,9.7916,1.4386
2022,65-74,pct_homeowner,76.1255,1.1248
2022,65-74,pct_owners_with_home_debt,42.2555,2.0079
2022,65-74,median_home_value_owners,320000.0000,23417.9766
2022,65-74,median_home_equity_owners,252000.0000,10285.9390
2022,65-74,median_mortgage_owners_w_mortgage,110000.0000,6173.2146
2022,65-74,agg_home_equity_share_networth_pct,18.4586,1.0751
2022,65-74,median_home_equity_share_networth_owners_pct,46.0299,2.4522
2022,75+,pct_any_debt,53.4121,2.1440
2022,75+,pct_home_secured_debt,27.5518,1.9338
2022,75+,pct_cc_balance,29.7813,1.9572
2022,75+,median_debt_if_any,36000.0000,9082.9247
2022,75+,agg_debt_to_income_pct,46.8749,4.4215
2022,75+,median_debt_to_income_debtors_pct,52.0016,12.3402
2022,75+,agg_debt_to_assets_pct,3.0252,0.2892
2022,75+,pct_pmt_over_40pct_income_debtors,8.3750,1.7794
2022,75+,pct_homeowner,80.9601,1.4284
2022,75+,pct_owners_with_home_debt,34.0313,2.3121
2022,75+,median_home_value_owners,286000.0000,25026.5925
2022,75+,median_home_equity_owners,230000.0000,14739.9251
2022,75+,median_mortgage_owners_w_mortgage,90000.0000,13188.7522
2022,75+,agg_home_equity_share_networth_pct,20.0261,1.2952
2022,75+,median_home_equity_share_networth_owners_pct,56.7891,2.8967
2022,65+,pct_any_debt,59.9235,1.1915
2022,65+,pct_home_secured_debt,30.1959,1.1436
2022,65+,pct_cc_balance,32.1467,1.1763
2022,65+,median_debt_if_any,40930.0000,3676.0754
2022,65+,agg_debt_to_income_pct,56.3279,3.3506
2022,65+,median_debt_to_income_debtors_pct,60.5970,5.7223
2022,65+,agg_debt_to_assets_pct,4.0177,0.2565
2022,65+,pct_pmt_over_40pct_income_debtors,9.2523,1.0910
2022,65+,pct_homeowner,78.1904,0.6842
2022,65+,pct_owners_with_home_debt,38.6184,1.4443
2022,65+,median_home_value_owners,300000.0000,9364.9234
2022,65+,median_home_equity_owners,250000.0000,8714.7319
2022,65+,median_mortgage_owners_w_mortgage,101200.0000,5428.6448
2022,65+,agg_home_equity_share_networth_pct,19.0921,0.7680
2022,65+,median_home_equity_share_networth_owners_pct,51.3716,1.9124
2022,all,pct_any_debt,77.4284,0.6087
2022,all,pct_home_secured_debt,42.1856,0.5509
2022,all,pct_cc_balance,45.2227,0.9205
2022,all,median_debt_if_any,80220.0000,3061.3693
2022,all,agg_debt_to_income_pct,89.7260,2.7443
2022,all,median_debt_to_income_debtors_pct,94.4220,2.9358
2022,all,agg_debt_to_assets_pct,10.6939,0.2533
2022,all,pct_pmt_over_40pct_income_debtors,8.4540,0.4943
2022,all,pct_homeowner,66.0500,0.1240
2022,all,pct_owners_with_home_debt,63.8691,0.8199
2022,all,median_home_value_owners,323000.0000,9649.6501
2022,all,median_home_equity_owners,200000.0000,3601.3892
2022,all,median_mortgage_owners_w_mortgage,156000.0000,4597.8259
2022,all,agg_home_equity_share_networth_pct,20.9061,0.4321
2022,all,median_home_equity_share_networth_owners_pct,51.5996,0.8149
