survey_year,25-34,25-34_se,25-64,25-64_se,35-44,35-44_se,45-54,45-54_se,55-64,55-64_se
1989,32.73,,44.544,,49.583,,52.199,,47.446,
1992,37.166,,47.351,,50.118,,51.887,,53.048,
1995,47.067,,52.709,,54.77,,57.444,,50.955,
1998,45.675,,55.895,,59.73,,59.325,,58.321,
2001,52.117,,59.648,,61.6,,63.689,,59.8,
2004,47.27,2.065,56.182,1.053,55.893,1.384,58.214,1.639,63.474,1.621
2007,47.81,1.763,58.535,0.871,57.796,1.344,65.442,1.656,61.214,1.552
2010,47.25,1.278,55.196,0.709,52.171,1.215,59.964,1.079,59.793,1.27
2013,46.198,1.363,54.706,0.529,55.391,1.252,56.518,1.03,59.332,1.169
2016,48.315,1.357,56.363,0.686,56.701,1.444,59.753,1.105,59.253,1.139
2019,51.328,1.494,54.907,0.69,55.786,1.203,57.876,1.359,54.474,1.376
2022,55.842,1.852,59.13,0.832,61.526,1.573,62.161,1.906,56.999,1.657
