survey_year,all,all_se,inc_q1,inc_q1_se,inc_q2,inc_q2_se,inc_q3,inc_q3_se,inc_q4,inc_q4_se
1989,47.446,,5.141,,32.046,,59.482,,88.7,
1992,53.048,,11.9,,38.147,,67.975,,89.767,
1995,50.955,,15.206,,46.001,,61.551,,79.751,
1998,58.321,,22.619,,55.334,,69.723,,84.586,
2001,59.8,,23.334,,53.69,,69.8,,91.6,
2004,63.474,1.621,21.013,3.086,65.007,2.926,78.147,3.19,88.449,2.225
2007,61.214,1.552,24.369,2.891,49.89,3.651,77.054,3.421,92.415,1.826
2010,59.793,1.27,21.81,2.059,48.13,2.468,75.238,2.131,92.541,1.094
2013,59.332,1.169,12.372,1.649,52.303,2.782,78.765,1.833,92.268,1.166
2016,59.253,1.139,17.452,1.941,48.635,2.583,79.373,2.149,89.091,1.692
2019,54.474,1.376,13.024,1.677,46.327,3.32,69.738,2.387,87.638,1.628
2022,56.999,1.657,15.633,2.965,46.175,3.858,70.445,2.883,94.693,1.185
