age_band,outcome,controls,stat,estimate,se
55-59,wd_any,none,late_2018_21_minus_early_2003_06,0.8972,1.2724
55-59,wd_any,none,2021_minus_early_2003_06,0.3260,1.7127
55-59,wd_any,none,wave_2006_vs_2003,4.9622,1.4209
55-59,wd_any,none,wave_2009_vs_2003,3.8126,1.3537
55-59,wd_any,none,wave_2012_vs_2003,2.7158,1.3351
55-59,wd_any,none,wave_2015_vs_2003,3.6714,1.1879
55-59,wd_any,none,wave_2018_vs_2003,3.9495,1.4455
55-59,wd_any,none,wave_2021_vs_2003,2.8071,1.7626
55-59,wd_any,work_ss,late_2018_21_minus_early_2003_06,1.0012,1.2627
55-59,wd_any,work_ss,2021_minus_early_2003_06,0.5615,1.7177
55-59,wd_any,work_ss,wave_2006_vs_2003,5.1629,1.4075
55-59,wd_any,work_ss,wave_2009_vs_2003,3.6198,1.3850
55-59,wd_any,work_ss,wave_2012_vs_2003,2.9724,1.3430
55-59,wd_any,work_ss,wave_2015_vs_2003,3.6075,1.1986
55-59,wd_any,work_ss,wave_2018_vs_2003,4.0224,1.3988
55-59,wd_any,work_ss,wave_2021_vs_2003,3.1429,1.7810
55-59,wd_any,accounts,late_2018_21_minus_early_2003_06,1.3179,1.1988
55-59,wd_any,accounts,2021_minus_early_2003_06,0.9839,1.5894
55-59,wd_any,accounts,wave_2006_vs_2003,4.9020,1.3687
55-59,wd_any,accounts,wave_2009_vs_2003,3.3619,1.2845
55-59,wd_any,accounts,wave_2012_vs_2003,2.8937,1.3037
55-59,wd_any,accounts,wave_2015_vs_2003,3.4311,1.1944
55-59,wd_any,accounts,wave_2018_vs_2003,4.1029,1.4079
55-59,wd_any,accounts,wave_2021_vs_2003,3.4350,1.6361
55-59,wd_any,balance_income,late_2018_21_minus_early_2003_06,0.6438,1.2125
55-59,wd_any,balance_income,2021_minus_early_2003_06,0.3674,1.6304
55-59,wd_any,balance_income,wave_2006_vs_2003,4.4339,1.2844
55-59,wd_any,balance_income,wave_2009_vs_2003,3.2795,1.3342
55-59,wd_any,balance_income,wave_2012_vs_2003,2.1986,1.3040
55-59,wd_any,balance_income,wave_2015_vs_2003,2.4415,1.2190
55-59,wd_any,balance_income,wave_2018_vs_2003,3.1371,1.4037
55-59,wd_any,balance_income,wave_2021_vs_2003,2.5844,1.6999
55-59,wd_any,demographics,late_2018_21_minus_early_2003_06,0.6351,1.2256
55-59,wd_any,demographics,2021_minus_early_2003_06,0.0248,1.6347
55-59,wd_any,demographics,wave_2006_vs_2003,4.9239,1.4343
55-59,wd_any,demographics,wave_2009_vs_2003,3.7881,1.3438
55-59,wd_any,demographics,wave_2012_vs_2003,2.6221,1.3201
55-59,wd_any,demographics,wave_2015_vs_2003,3.4648,1.1991
55-59,wd_any,demographics,wave_2018_vs_2003,3.7074,1.4109
55-59,wd_any,demographics,wave_2021_vs_2003,2.4867,1.6908
55-59,wd_any,all,late_2018_21_minus_early_2003_06,0.8734,1.1193
55-59,wd_any,all,2021_minus_early_2003_06,0.8081,1.5066
55-59,wd_any,all,wave_2006_vs_2003,4.7120,1.2740
55-59,wd_any,all,wave_2009_vs_2003,3.0615,1.2700
55-59,wd_any,all,wave_2012_vs_2003,2.4781,1.2909
55-59,wd_any,all,wave_2015_vs_2003,2.6386,1.2363
55-59,wd_any,all,wave_2018_vs_2003,3.2946,1.3343
55-59,wd_any,all,wave_2021_vs_2003,3.1641,1.5853
55-59,wd5,none,late_2018_21_minus_early_2003_06,-0.0214,1.0508
55-59,wd5,none,2021_minus_early_2003_06,-0.9000,1.4228
55-59,wd5,none,wave_2006_vs_2003,2.8495,1.4653
55-59,wd5,none,wave_2009_vs_2003,1.2504,0.8946
55-59,wd5,none,wave_2012_vs_2003,2.0910,1.0874
55-59,wd5,none,wave_2015_vs_2003,3.3320,1.0664
55-59,wd5,none,wave_2018_vs_2003,2.2820,1.2049
55-59,wd5,none,wave_2021_vs_2003,0.5247,1.4820
55-59,wd5,work_ss,late_2018_21_minus_early_2003_06,0.0766,1.0328
55-59,wd5,work_ss,2021_minus_early_2003_06,-0.7051,1.4221
55-59,wd5,work_ss,wave_2006_vs_2003,2.9640,1.4457
55-59,wd5,work_ss,wave_2009_vs_2003,1.1597,0.8846
55-59,wd5,work_ss,wave_2012_vs_2003,2.2735,1.0589
55-59,wd5,work_ss,wave_2015_vs_2003,3.2670,1.0634
55-59,wd5,work_ss,wave_2018_vs_2003,2.3403,1.1648
55-59,wd5,work_ss,wave_2021_vs_2003,0.7769,1.4783
55-59,wd5,accounts,late_2018_21_minus_early_2003_06,0.3560,0.9757
55-59,wd5,accounts,2021_minus_early_2003_06,-0.3475,1.3227
55-59,wd5,accounts,wave_2006_vs_2003,2.7164,1.4265
55-59,wd5,accounts,wave_2009_vs_2003,0.8430,0.8913
55-59,wd5,accounts,wave_2012_vs_2003,2.3469,1.0810
55-59,wd5,accounts,wave_2015_vs_2003,3.1830,1.0492
55-59,wd5,accounts,wave_2018_vs_2003,2.4177,1.1779
55-59,wd5,accounts,wave_2021_vs_2003,1.0107,1.3742
55-59,wd5,balance_income,late_2018_21_minus_early_2003_06,-0.0822,1.0580
55-59,wd5,balance_income,2021_minus_early_2003_06,-0.7253,1.3803
55-59,wd5,balance_income,wave_2006_vs_2003,2.5924,1.4529
55-59,wd5,balance_income,wave_2009_vs_2003,0.8295,0.9198
55-59,wd5,balance_income,wave_2012_vs_2003,1.7651,1.0794
55-59,wd5,balance_income,wave_2015_vs_2003,2.6311,1.0847
55-59,wd5,balance_income,wave_2018_vs_2003,1.8570,1.2047
55-59,wd5,balance_income,wave_2021_vs_2003,0.5709,1.4385
55-59,wd5,demographics,late_2018_21_minus_early_2003_06,-0.1727,1.0062
55-59,wd5,demographics,2021_minus_early_2003_06,-0.9743,1.3319
55-59,wd5,demographics,wave_2006_vs_2003,2.7140,1.4702
55-59,wd5,demographics,wave_2009_vs_2003,1.1180,0.8729
55-59,wd5,demographics,wave_2012_vs_2003,1.9421,1.0886
55-59,wd5,demographics,wave_2015_vs_2003,3.0127,1.0710
55-59,wd5,demographics,wave_2018_vs_2003,1.9860,1.1862
55-59,wd5,demographics,wave_2021_vs_2003,0.3827,1.3956
55-59,wd5,all,late_2018_21_minus_early_2003_06,0.0475,0.9557
55-59,wd5,all,2021_minus_early_2003_06,-0.4137,1.2404
55-59,wd5,all,wave_2006_vs_2003,2.6365,1.4016
55-59,wd5,all,wave_2009_vs_2003,0.5958,0.8670
55-59,wd5,all,wave_2012_vs_2003,2.0368,1.0787
55-59,wd5,all,wave_2015_vs_2003,2.6718,1.0742
55-59,wd5,all,wave_2018_vs_2003,1.8270,1.1533
55-59,wd5,all,wave_2021_vs_2003,0.9046,1.2895
55-59,wd10,none,late_2018_21_minus_early_2003_06,-0.1119,0.7148
55-59,wd10,none,2021_minus_early_2003_06,-1.4578,0.5501
55-59,wd10,none,wave_2006_vs_2003,2.5664,1.0883
55-59,wd10,none,wave_2009_vs_2003,1.4734,0.6279
55-59,wd10,none,wave_2012_vs_2003,0.8637,0.5986
55-59,wd10,none,wave_2015_vs_2003,3.6873,0.8261
55-59,wd10,none,wave_2018_vs_2003,2.5171,0.9956
55-59,wd10,none,wave_2021_vs_2003,-0.1745,0.4498
55-59,wd10,work_ss,late_2018_21_minus_early_2003_06,-0.0448,0.7184
55-59,wd10,work_ss,2021_minus_early_2003_06,-1.3001,0.5507
55-59,wd10,work_ss,wave_2006_vs_2003,2.6554,1.1261
55-59,wd10,work_ss,wave_2009_vs_2003,1.4073,0.6631
55-59,wd10,work_ss,wave_2012_vs_2003,0.9595,0.6069
55-59,wd10,work_ss,wave_2015_vs_2003,3.7080,0.8596
55-59,wd10,work_ss,wave_2018_vs_2003,2.5382,1.0055
55-59,wd10,work_ss,wave_2021_vs_2003,0.0276,0.5082
55-59,wd10,accounts,late_2018_21_minus_early_2003_06,0.2578,0.7058
55-59,wd10,accounts,2021_minus_early_2003_06,-0.9798,0.5337
55-59,wd10,accounts,wave_2006_vs_2003,2.4724,1.0568
55-59,wd10,accounts,wave_2009_vs_2003,1.1407,0.6248
55-59,wd10,accounts,wave_2012_vs_2003,1.1728,0.6145
55-59,wd10,accounts,wave_2015_vs_2003,3.6620,0.8179
55-59,wd10,accounts,wave_2018_vs_2003,2.7316,0.9885
55-59,wd10,accounts,wave_2021_vs_2003,0.2565,0.4624
55-59,wd10,balance_income,late_2018_21_minus_early_2003_06,-0.1460,0.7512
55-59,wd10,balance_income,2021_minus_early_2003_06,-1.2984,0.5754
55-59,wd10,balance_income,wave_2006_vs_2003,2.5842,1.1064
55-59,wd10,balance_income,wave_2009_vs_2003,1.1688,0.6321
55-59,wd10,balance_income,wave_2012_vs_2003,0.7232,0.6304
55-59,wd10,balance_income,wave_2015_vs_2003,3.2604,0.8407
55-59,wd10,balance_income,wave_2018_vs_2003,2.2986,0.9984
55-59,wd10,balance_income,wave_2021_vs_2003,-0.0063,0.4992
55-59,wd10,demographics,late_2018_21_minus_early_2003_06,-0.1910,0.7215
55-59,wd10,demographics,2021_minus_early_2003_06,-1.4203,0.5536
55-59,wd10,demographics,wave_2006_vs_2003,2.3331,1.0906
55-59,wd10,demographics,wave_2009_vs_2003,1.3678,0.6221
55-59,wd10,demographics,wave_2012_vs_2003,0.7129,0.6047
55-59,wd10,demographics,wave_2015_vs_2003,3.3912,0.8354
55-59,wd10,demographics,wave_2018_vs_2003,2.2048,0.9863
55-59,wd10,demographics,wave_2021_vs_2003,-0.2537,0.4540
55-59,wd10,all,late_2018_21_minus_early_2003_06,-0.0006,0.7347
55-59,wd10,all,2021_minus_early_2003_06,-0.9724,0.5622
55-59,wd10,all,wave_2006_vs_2003,2.4851,1.0946
55-59,wd10,all,wave_2009_vs_2003,0.9599,0.6395
55-59,wd10,all,wave_2012_vs_2003,0.9364,0.6224
55-59,wd10,all,wave_2015_vs_2003,3.3285,0.8726
55-59,wd10,all,wave_2018_vs_2003,2.2137,0.9959
55-59,wd10,all,wave_2021_vs_2003,0.2702,0.5185
60-64,wd_any,none,late_2018_21_minus_early_2003_06,-0.4844,2.1420
60-64,wd_any,none,2021_minus_early_2003_06,-1.7076,2.5023
60-64,wd_any,none,wave_2006_vs_2003,0.2061,4.2374
60-64,wd_any,none,wave_2009_vs_2003,-1.4845,3.6262
60-64,wd_any,none,wave_2012_vs_2003,0.0791,3.5000
60-64,wd_any,none,wave_2015_vs_2003,0.6075,3.3465
60-64,wd_any,none,wave_2018_vs_2003,0.8418,3.4453
60-64,wd_any,none,wave_2021_vs_2003,-1.6045,3.4991
60-64,wd_any,work_ss,late_2018_21_minus_early_2003_06,1.8727,2.2018
60-64,wd_any,work_ss,2021_minus_early_2003_06,0.6339,2.5101
60-64,wd_any,work_ss,wave_2006_vs_2003,-0.2179,4.0179
60-64,wd_any,work_ss,wave_2009_vs_2003,-0.4556,3.4524
60-64,wd_any,work_ss,wave_2012_vs_2003,1.2205,3.4326
60-64,wd_any,work_ss,wave_2015_vs_2003,2.3028,3.1905
60-64,wd_any,work_ss,wave_2018_vs_2003,3.0026,3.3681
60-64,wd_any,work_ss,wave_2021_vs_2003,0.5249,3.3944
60-64,wd_any,accounts,late_2018_21_minus_early_2003_06,2.7006,2.0308
60-64,wd_any,accounts,2021_minus_early_2003_06,0.6988,2.4280
60-64,wd_any,accounts,wave_2006_vs_2003,-1.2862,3.7387
60-64,wd_any,accounts,wave_2009_vs_2003,-0.8998,3.2761
60-64,wd_any,accounts,wave_2012_vs_2003,0.2583,3.1929
60-64,wd_any,accounts,wave_2015_vs_2003,1.5683,2.9966
60-64,wd_any,accounts,wave_2018_vs_2003,4.0593,3.0328
60-64,wd_any,accounts,wave_2021_vs_2003,0.0557,3.1472
60-64,wd_any,balance_income,late_2018_21_minus_early_2003_06,-1.0110,2.2416
60-64,wd_any,balance_income,2021_minus_early_2003_06,-2.0464,2.5716
60-64,wd_any,balance_income,wave_2006_vs_2003,-0.2772,4.0072
60-64,wd_any,balance_income,wave_2009_vs_2003,-2.7210,3.3822
60-64,wd_any,balance_income,wave_2012_vs_2003,-0.4068,3.3721
60-64,wd_any,balance_income,wave_2015_vs_2003,-0.7170,3.1273
60-64,wd_any,balance_income,wave_2018_vs_2003,-0.1142,3.2975
60-64,wd_any,balance_income,wave_2021_vs_2003,-2.1850,3.3865
60-64,wd_any,demographics,late_2018_21_minus_early_2003_06,-0.9680,2.2134
60-64,wd_any,demographics,2021_minus_early_2003_06,-2.0553,2.5903
60-64,wd_any,demographics,wave_2006_vs_2003,0.4162,4.1539
60-64,wd_any,demographics,wave_2009_vs_2003,-1.9089,3.6214
60-64,wd_any,demographics,wave_2012_vs_2003,-0.1949,3.5053
60-64,wd_any,demographics,wave_2015_vs_2003,0.6673,3.2941
60-64,wd_any,demographics,wave_2018_vs_2003,0.3274,3.4382
60-64,wd_any,demographics,wave_2021_vs_2003,-1.8472,3.5386
60-64,wd_any,all,late_2018_21_minus_early_2003_06,2.7254,2.1719
60-64,wd_any,all,2021_minus_early_2003_06,1.2905,2.5599
60-64,wd_any,all,wave_2006_vs_2003,-1.3761,3.5931
60-64,wd_any,all,wave_2009_vs_2003,-1.5344,3.1518
60-64,wd_any,all,wave_2012_vs_2003,0.7551,3.1803
60-64,wd_any,all,wave_2015_vs_2003,1.2880,2.8884
60-64,wd_any,all,wave_2018_vs_2003,3.4723,3.0224
60-64,wd_any,all,wave_2021_vs_2003,0.6025,3.1873
60-64,wd5,none,late_2018_21_minus_early_2003_06,-3.4195,1.8742
60-64,wd5,none,2021_minus_early_2003_06,-3.4328,2.3122
60-64,wd5,none,wave_2006_vs_2003,-1.1359,3.9433
60-64,wd5,none,wave_2009_vs_2003,-2.4981,3.1575
60-64,wd5,none,wave_2012_vs_2003,-3.1302,3.0392
60-64,wd5,none,wave_2015_vs_2003,-1.5509,3.1695
60-64,wd5,none,wave_2018_vs_2003,-3.9741,3.1465
60-64,wd5,none,wave_2021_vs_2003,-4.0007,3.1679
60-64,wd5,work_ss,late_2018_21_minus_early_2003_06,-1.4012,1.9229
60-64,wd5,work_ss,2021_minus_early_2003_06,-1.3434,2.3114
60-64,wd5,work_ss,wave_2006_vs_2003,-1.5948,3.8340
60-64,wd5,work_ss,wave_2009_vs_2003,-1.6434,3.0115
60-64,wd5,work_ss,wave_2012_vs_2003,-2.1883,3.0011
60-64,wd5,work_ss,wave_2015_vs_2003,-0.0903,3.0772
60-64,wd5,work_ss,wave_2018_vs_2003,-2.2565,3.1026
60-64,wd5,work_ss,wave_2021_vs_2003,-2.1409,3.1050
60-64,wd5,accounts,late_2018_21_minus_early_2003_06,-1.2845,1.8579
60-64,wd5,accounts,2021_minus_early_2003_06,-1.8497,2.3093
60-64,wd5,accounts,wave_2006_vs_2003,-2.5977,3.5754
60-64,wd5,accounts,wave_2009_vs_2003,-2.0821,2.8357
60-64,wd5,accounts,wave_2012_vs_2003,-3.3379,2.7509
60-64,wd5,accounts,wave_2015_vs_2003,-1.0761,2.9176
60-64,wd5,accounts,wave_2018_vs_2003,-2.0182,2.9127
60-64,wd5,accounts,wave_2021_vs_2003,-3.1485,2.9665
60-64,wd5,balance_income,late_2018_21_minus_early_2003_06,-2.9286,1.8743
60-64,wd5,balance_income,2021_minus_early_2003_06,-2.5346,2.3295
60-64,wd5,balance_income,wave_2006_vs_2003,-1.4269,3.7106
60-64,wd5,balance_income,wave_2009_vs_2003,-2.9718,2.8917
60-64,wd5,balance_income,wave_2012_vs_2003,-3.4070,2.8653
60-64,wd5,balance_income,wave_2015_vs_2003,-2.2276,2.8576
60-64,wd5,balance_income,wave_2018_vs_2003,-4.0359,2.9395
60-64,wd5,balance_income,wave_2021_vs_2003,-3.2481,2.9803
60-64,wd5,demographics,late_2018_21_minus_early_2003_06,-3.9661,1.9505
60-64,wd5,demographics,2021_minus_early_2003_06,-3.6891,2.4320
60-64,wd5,demographics,wave_2006_vs_2003,-1.0656,3.8883
60-64,wd5,demographics,wave_2009_vs_2003,-2.8221,3.1716
60-64,wd5,demographics,wave_2012_vs_2003,-3.3816,3.0303
60-64,wd5,demographics,wave_2015_vs_2003,-1.6835,3.1523
60-64,wd5,demographics,wave_2018_vs_2003,-4.7759,3.1161
60-64,wd5,demographics,wave_2021_vs_2003,-4.2219,3.2521
60-64,wd5,all,late_2018_21_minus_early_2003_06,-0.4285,1.8986
60-64,wd5,all,2021_minus_early_2003_06,-0.2578,2.4366
60-64,wd5,all,wave_2006_vs_2003,-2.7037,3.4128
60-64,wd5,all,wave_2009_vs_2003,-2.4471,2.6623
60-64,wd5,all,wave_2012_vs_2003,-2.7400,2.6393
60-64,wd5,all,wave_2015_vs_2003,-1.2071,2.6698
60-64,wd5,all,wave_2018_vs_2003,-1.9512,2.7495
60-64,wd5,all,wave_2021_vs_2003,-1.6096,2.9498
60-64,wd10,none,late_2018_21_minus_early_2003_06,-4.3621,1.6205
60-64,wd10,none,2021_minus_early_2003_06,-4.7434,1.7639
60-64,wd10,none,wave_2006_vs_2003,-3.2146,3.0895
60-64,wd10,none,wave_2009_vs_2003,-3.4288,2.6587
60-64,wd10,none,wave_2012_vs_2003,-4.6914,2.6387
60-64,wd10,none,wave_2015_vs_2003,-0.3484,2.7897
60-64,wd10,none,wave_2018_vs_2003,-5.5882,2.6035
60-64,wd10,none,wave_2021_vs_2003,-6.3507,2.5690
60-64,wd10,work_ss,late_2018_21_minus_early_2003_06,-3.4971,1.5909
60-64,wd10,work_ss,2021_minus_early_2003_06,-3.8796,1.7831
60-64,wd10,work_ss,wave_2006_vs_2003,-3.3000,3.0444
60-64,wd10,work_ss,wave_2009_vs_2003,-2.9920,2.5968
60-64,wd10,work_ss,wave_2012_vs_2003,-4.2669,2.6048
60-64,wd10,work_ss,wave_2015_vs_2003,0.3487,2.7554
60-64,wd10,work_ss,wave_2018_vs_2003,-4.7646,2.5662
60-64,wd10,work_ss,wave_2021_vs_2003,-5.5296,2.5309
60-64,wd10,accounts,late_2018_21_minus_early_2003_06,-3.3994,1.5387
60-64,wd10,accounts,2021_minus_early_2003_06,-4.1151,1.7309
60-64,wd10,accounts,wave_2006_vs_2003,-4.1509,2.8835
60-64,wd10,accounts,wave_2009_vs_2003,-3.2506,2.4510
60-64,wd10,accounts,wave_2012_vs_2003,-4.9022,2.5116
60-64,wd10,accounts,wave_2015_vs_2003,-0.1988,2.6444
60-64,wd10,accounts,wave_2018_vs_2003,-4.7592,2.4499
60-64,wd10,accounts,wave_2021_vs_2003,-6.1906,2.4270
60-64,wd10,balance_income,late_2018_21_minus_early_2003_06,-3.7981,1.5831
60-64,wd10,balance_income,2021_minus_early_2003_06,-3.9000,1.7698
60-64,wd10,balance_income,wave_2006_vs_2003,-3.3681,2.8861
60-64,wd10,balance_income,wave_2009_vs_2003,-3.5518,2.4648
60-64,wd10,balance_income,wave_2012_vs_2003,-4.7355,2.5088
60-64,wd10,balance_income,wave_2015_vs_2003,-0.9023,2.5699
60-64,wd10,balance_income,wave_2018_vs_2003,-5.3802,2.4239
60-64,wd10,balance_income,wave_2021_vs_2003,-5.5841,2.4111
60-64,wd10,demographics,late_2018_21_minus_early_2003_06,-4.4993,1.6472
60-64,wd10,demographics,2021_minus_early_2003_06,-4.6500,1.8212
60-64,wd10,demographics,wave_2006_vs_2003,-2.9960,3.0330
60-64,wd10,demographics,wave_2009_vs_2003,-3.4085,2.6923
60-64,wd10,demographics,wave_2012_vs_2003,-4.6225,2.6323
60-64,wd10,demographics,wave_2015_vs_2003,-0.2096,2.7657
60-64,wd10,demographics,wave_2018_vs_2003,-5.8465,2.5915
60-64,wd10,demographics,wave_2021_vs_2003,-6.1480,2.6007
60-64,wd10,all,late_2018_21_minus_early_2003_06,-2.7193,1.5041
60-64,wd10,all,2021_minus_early_2003_06,-2.9789,1.7995
60-64,wd10,all,wave_2006_vs_2003,-3.9211,2.7266
60-64,wd10,all,wave_2009_vs_2003,-3.3504,2.3511
60-64,wd10,all,wave_2012_vs_2003,-4.4841,2.4355
60-64,wd10,all,wave_2015_vs_2003,-0.4662,2.4874
60-64,wd10,all,wave_2018_vs_2003,-4.4204,2.2758
60-64,wd10,all,wave_2021_vs_2003,-4.9394,2.3669
65-69,wd_any,none,late_2018_21_minus_early_2003_06,2.0896,3.2537
65-69,wd_any,none,2021_minus_early_2003_06,1.8862,3.9937
65-69,wd_any,none,wave_2006_vs_2003,-1.3695,5.5146
65-69,wd_any,none,wave_2009_vs_2003,-0.3105,4.9685
65-69,wd_any,none,wave_2012_vs_2003,-5.6464,5.2060
65-69,wd_any,none,wave_2015_vs_2003,5.8856,5.0954
65-69,wd_any,none,wave_2018_vs_2003,1.6082,5.2242
65-69,wd_any,none,wave_2021_vs_2003,1.2014,5.0968
65-69,wd_any,work_ss,late_2018_21_minus_early_2003_06,2.1252,3.4094
65-69,wd_any,work_ss,2021_minus_early_2003_06,0.9433,4.1459
65-69,wd_any,work_ss,wave_2006_vs_2003,-1.9409,5.9470
65-69,wd_any,work_ss,wave_2009_vs_2003,-0.8157,5.0694
65-69,wd_any,work_ss,wave_2012_vs_2003,-5.8866,5.4559
65-69,wd_any,work_ss,wave_2015_vs_2003,4.6428,5.3672
65-69,wd_any,work_ss,wave_2018_vs_2003,2.3367,5.5016
65-69,wd_any,work_ss,wave_2021_vs_2003,-0.0271,5.4465
65-69,wd_any,accounts,late_2018_21_minus_early_2003_06,1.8461,3.2071
65-69,wd_any,accounts,2021_minus_early_2003_06,1.9502,3.9434
65-69,wd_any,accounts,wave_2006_vs_2003,-0.9585,5.0407
65-69,wd_any,accounts,wave_2009_vs_2003,-0.4555,4.6305
65-69,wd_any,accounts,wave_2012_vs_2003,-5.2778,4.8287
65-69,wd_any,accounts,wave_2015_vs_2003,6.9742,4.6199
65-69,wd_any,accounts,wave_2018_vs_2003,1.2627,4.8311
65-69,wd_any,accounts,wave_2021_vs_2003,1.4710,4.8463
65-69,wd_any,balance_income,late_2018_21_minus_early_2003_06,0.2783,3.0069
65-69,wd_any,balance_income,2021_minus_early_2003_06,0.0491,3.7769
65-69,wd_any,balance_income,wave_2006_vs_2003,-3.1772,5.1307
65-69,wd_any,balance_income,wave_2009_vs_2003,-3.1330,4.7948
65-69,wd_any,balance_income,wave_2012_vs_2003,-8.5106,4.9676
65-69,wd_any,balance_income,wave_2015_vs_2003,4.4848,4.8307
65-69,wd_any,balance_income,wave_2018_vs_2003,-1.0811,4.8166
65-69,wd_any,balance_income,wave_2021_vs_2003,-1.5395,4.6872
65-69,wd_any,demographics,late_2018_21_minus_early_2003_06,1.6745,3.3214
65-69,wd_any,demographics,2021_minus_early_2003_06,1.2265,3.9618
65-69,wd_any,demographics,wave_2006_vs_2003,0.0367,5.5992
65-69,wd_any,demographics,wave_2009_vs_2003,0.4084,5.1184
65-69,wd_any,demographics,wave_2012_vs_2003,-4.2271,5.4337
65-69,wd_any,demographics,wave_2015_vs_2003,6.7456,5.1852
65-69,wd_any,demographics,wave_2018_vs_2003,2.1409,5.4591
65-69,wd_any,demographics,wave_2021_vs_2003,1.2449,5.1586
65-69,wd_any,all,late_2018_21_minus_early_2003_06,-0.1419,3.1518
65-69,wd_any,all,2021_minus_early_2003_06,-0.0071,3.8233
65-69,wd_any,all,wave_2006_vs_2003,-2.5260,5.0482
65-69,wd_any,all,wave_2009_vs_2003,-3.7717,4.6678
65-69,wd_any,all,wave_2012_vs_2003,-7.5708,4.9090
65-69,wd_any,all,wave_2015_vs_2003,4.9239,4.7562
65-69,wd_any,all,wave_2018_vs_2003,-1.5398,4.8453
65-69,wd_any,all,wave_2021_vs_2003,-1.2701,4.7677
65-69,wd5,none,late_2018_21_minus_early_2003_06,-4.0577,2.9338
65-69,wd5,none,2021_minus_early_2003_06,-2.8109,3.9606
65-69,wd5,none,wave_2006_vs_2003,1.0884,5.0165
65-69,wd5,none,wave_2009_vs_2003,-0.9039,4.7383
65-69,wd5,none,wave_2012_vs_2003,-2.1980,5.1351
65-69,wd5,none,wave_2015_vs_2003,3.6329,4.6205
65-69,wd5,none,wave_2018_vs_2003,-4.7604,4.0943
65-69,wd5,none,wave_2021_vs_2003,-2.2667,4.9471
65-69,wd5,work_ss,late_2018_21_minus_early_2003_06,-3.5528,2.8599
65-69,wd5,work_ss,2021_minus_early_2003_06,-3.1185,3.8694
65-69,wd5,work_ss,wave_2006_vs_2003,0.8259,5.0590
65-69,wd5,work_ss,wave_2009_vs_2003,-0.0998,4.5156
65-69,wd5,work_ss,wave_2012_vs_2003,-1.7343,4.9551
65-69,wd5,work_ss,wave_2015_vs_2003,3.3424,4.5021
65-69,wd5,work_ss,wave_2018_vs_2003,-3.5741,3.9768
65-69,wd5,work_ss,wave_2021_vs_2003,-2.7056,4.7997
65-69,wd5,accounts,late_2018_21_minus_early_2003_06,-4.0227,2.9632
65-69,wd5,accounts,2021_minus_early_2003_06,-2.2673,3.9609
65-69,wd5,accounts,wave_2006_vs_2003,2.0586,4.9038
65-69,wd5,accounts,wave_2009_vs_2003,-0.2131,4.6380
65-69,wd5,accounts,wave_2012_vs_2003,-1.2938,5.0004
65-69,wd5,accounts,wave_2015_vs_2003,4.6387,4.5542
65-69,wd5,accounts,wave_2018_vs_2003,-4.7488,4.0443
65-69,wd5,accounts,wave_2021_vs_2003,-1.2379,4.8397
65-69,wd5,balance_income,late_2018_21_minus_early_2003_06,-3.4693,2.7777
65-69,wd5,balance_income,2021_minus_early_2003_06,-2.1557,3.7497
65-69,wd5,balance_income,wave_2006_vs_2003,0.8172,4.8206
65-69,wd5,balance_income,wave_2009_vs_2003,-0.2963,4.6859
65-69,wd5,balance_income,wave_2012_vs_2003,-2.3349,5.0802
65-69,wd5,balance_income,wave_2015_vs_2003,3.7402,4.5876
65-69,wd5,balance_income,wave_2018_vs_2003,-4.3743,4.0252
65-69,wd5,balance_income,wave_2021_vs_2003,-1.7471,4.7748
65-69,wd5,demographics,late_2018_21_minus_early_2003_06,-4.3597,2.9448
65-69,wd5,demographics,2021_minus_early_2003_06,-3.1615,3.9735
65-69,wd5,demographics,wave_2006_vs_2003,0.9028,5.0323
65-69,wd5,demographics,wave_2009_vs_2003,-0.4092,4.8369
65-69,wd5,demographics,wave_2012_vs_2003,-1.8546,5.2181
65-69,wd5,demographics,wave_2015_vs_2003,3.7676,4.6727
65-69,wd5,demographics,wave_2018_vs_2003,-5.1065,4.1559
65-69,wd5,demographics,wave_2021_vs_2003,-2.7100,5.0261
65-69,wd5,all,late_2018_21_minus_early_2003_06,-4.3148,2.8434
65-69,wd5,all,2021_minus_early_2003_06,-2.3625,3.7868
65-69,wd5,all,wave_2006_vs_2003,1.1891,4.8964
65-69,wd5,all,wave_2009_vs_2003,-0.3056,4.6487
65-69,wd5,all,wave_2012_vs_2003,-1.5888,4.9863
65-69,wd5,all,wave_2015_vs_2003,3.8644,4.5597
65-69,wd5,all,wave_2018_vs_2003,-5.6725,3.9866
65-69,wd5,all,wave_2021_vs_2003,-1.7679,4.7143
65-69,wd10,none,late_2018_21_minus_early_2003_06,-5.0290,2.3098
65-69,wd10,none,2021_minus_early_2003_06,-3.6854,2.8741
65-69,wd10,none,wave_2006_vs_2003,1.9016,4.2479
65-69,wd10,none,wave_2009_vs_2003,-1.0748,3.8881
65-69,wd10,none,wave_2012_vs_2003,-4.6531,4.1276
65-69,wd10,none,wave_2015_vs_2003,0.8086,3.6765
65-69,wd10,none,wave_2018_vs_2003,-5.4218,3.2885
65-69,wd10,none,wave_2021_vs_2003,-2.7346,3.7511
65-69,wd10,work_ss,late_2018_21_minus_early_2003_06,-4.8277,2.3230
65-69,wd10,work_ss,2021_minus_early_2003_06,-4.1234,2.9186
65-69,wd10,work_ss,wave_2006_vs_2003,1.5909,4.2343
65-69,wd10,work_ss,wave_2009_vs_2003,-0.2948,3.7999
65-69,wd10,work_ss,wave_2012_vs_2003,-4.3769,4.1077
65-69,wd10,work_ss,wave_2015_vs_2003,0.4828,3.6856
65-69,wd10,work_ss,wave_2018_vs_2003,-4.7365,3.3024
65-69,wd10,work_ss,wave_2021_vs_2003,-3.3279,3.8362
65-69,wd10,accounts,late_2018_21_minus_early_2003_06,-5.0289,2.3295
65-69,wd10,accounts,2021_minus_early_2003_06,-3.2414,2.8890
65-69,wd10,accounts,wave_2006_vs_2003,2.6640,4.2514
65-69,wd10,accounts,wave_2009_vs_2003,-0.4857,3.8876
65-69,wd10,accounts,wave_2012_vs_2003,-3.9389,4.1394
65-69,wd10,accounts,wave_2015_vs_2003,1.4190,3.7632
65-69,wd10,accounts,wave_2018_vs_2003,-5.4844,3.2878
65-69,wd10,accounts,wave_2021_vs_2003,-1.9094,3.7901
65-69,wd10,balance_income,late_2018_21_minus_early_2003_06,-4.0377,2.1963
65-69,wd10,balance_income,2021_minus_early_2003_06,-2.5999,2.7525
65-69,wd10,balance_income,wave_2006_vs_2003,1.8024,4.0287
65-69,wd10,balance_income,wave_2009_vs_2003,-0.0266,3.6989
65-69,wd10,balance_income,wave_2012_vs_2003,-3.9918,4.0274
65-69,wd10,balance_income,wave_2015_vs_2003,1.1883,3.6802
65-69,wd10,balance_income,wave_2018_vs_2003,-4.5744,3.2013
65-69,wd10,balance_income,wave_2021_vs_2003,-1.6987,3.7228
65-69,wd10,demographics,late_2018_21_minus_early_2003_06,-5.2914,2.2749
65-69,wd10,demographics,2021_minus_early_2003_06,-4.0344,2.8376
65-69,wd10,demographics,wave_2006_vs_2003,1.3011,4.1117
65-69,wd10,demographics,wave_2009_vs_2003,-0.8144,3.9407
65-69,wd10,demographics,wave_2012_vs_2003,-4.9180,4.1319
65-69,wd10,demographics,wave_2015_vs_2003,0.5537,3.6288
65-69,wd10,demographics,wave_2018_vs_2003,-5.8978,3.2484
65-69,wd10,demographics,wave_2021_vs_2003,-3.3839,3.7087
65-69,wd10,all,late_2018_21_minus_early_2003_06,-5.4816,2.3110
65-69,wd10,all,2021_minus_early_2003_06,-3.6057,2.8837
65-69,wd10,all,wave_2006_vs_2003,1.5223,4.1118
65-69,wd10,all,wave_2009_vs_2003,-0.5333,3.7309
65-69,wd10,all,wave_2012_vs_2003,-4.3853,4.0749
65-69,wd10,all,wave_2015_vs_2003,0.2258,3.7999
65-69,wd10,all,wave_2018_vs_2003,-6.5964,3.2495
65-69,wd10,all,wave_2021_vs_2003,-2.8446,3.8865
