cohort_55_64_in,55-64_year,55-64_real2024_per_CU,55-64_real2024_per_person,65-74_year,65-74_real2024_per_CU,65-74_real2024_per_person,75+_year,75+_real2024_per_CU,75+_real2024_per_person,ratio_65-74_to_55-64_per_person,ratio_75+_to_55-64_per_person
1984,1984,70651,28260,1994,53041,29467,2004,42782,28522,1.043,1.009
1985,1985,72201,30084,1995,52028,27383,2005,43396,28931,0.91,0.962
1986,1986,71004,29585,1996,55458,29189,2006,44975,29983,0.987,1.013
1987,1987,70986,30863,1997,54318,28588,2007,46014,30676,0.926,0.994
1988,1988,68320,31054,1998,53558,28188,2008,46174,30783,0.908,0.991
1989,1989,72394,31476,1999,56231,29595,2009,46316,28947,0.94,0.92
1990,1990,70233,30536,2000,56074,29513,2010,45357,28348,0.966,0.928
1991,1991,73574,31989,2001,56721,29853,2011,45585,28491,0.933,0.891
1992,1992,70885,29536,2002,56222,29590,2012,45811,30541,1.002,1.034
1993,1993,71580,31122,2003,57332,30175,2013,46297,28936,0.97,0.93
1994,1994,71293,32406,2004,60632,31912,2014,48594,30371,0.985,0.937
1995,1995,67155,30525,2005,61956,32608,2015,50455,31535,1.068,1.033
1996,1996,72238,31408,2006,63734,33544,2016,50569,31606,1.068,1.006
1997,1997,70270,31941,2007,63938,35521,2017,53556,33472,1.112,1.048
1998,1998,71839,32654,2008,60366,33537,2018,53943,33714,1.027,1.032
1999,1999,74174,33716,2009,62810,33058,2019,53525,33453,0.98,0.992
2000,2000,71664,34126,2010,59606,31371,2020,49468,30918,0.919,0.906
2001,2001,73440,34971,2011,62261,32769,2021,53044,33152,0.937,0.948
2002,2002,77298,36808,2012,62805,34892,2022,57341,35838,0.948,0.974
2003,2003,75338,35875,2013,62961,33137,2023,54595,34122,0.924,0.951
2004,2004,78545,37402,2014,64775,34092,2024,55834,34896,0.912,0.933
