year,age_group,exp_real2024_per_CU,cu_size,exp_real2024_per_person,index_per_CU_55_64_eq_100
1984,Under 25,40641,1.8,22578,57.5
1984,25-34,67309,2.8,24039,95.3
1984,35-44,85182,3.4,25054,120.6
1984,45-54,86637,3.1,27948,122.6
1984,55-64,70651,2.5,28260,100.0
1984,65-74,47829,1.9,25173,67.7
1984,75+,33579,1.6,20987,47.5
1984,All CUs,66346,2.6,25518,93.9
1990,Under 25,39661,1.8,22034,56.5
1990,25-34,67483,2.8,24101,96.1
1990,35-44,85428,3.3,25887,121.6
1990,45-54,88831,2.9,30631,126.5
1990,55-64,70233,2.3,30536,100.0
1990,65-74,50164,1.9,26402,71.4
1990,75+,37081,1.6,23176,52.8
1990,65+,44524,1.7,26190,63.4
1990,All CUs,68116,2.6,26199,97.0
2000,Under 25,41066,1.9,21613,57.3
2000,25-34,70944,2.9,24464,99.0
2000,35-44,82246,3.3,24923,114.8
2000,45-54,84088,2.7,31144,117.3
2000,55-64,71664,2.1,34126,100.0
2000,65-74,56074,1.9,29513,78.2
2000,75+,39909,1.5,26606,55.7
2000,65+,48334,1.7,28432,67.4
2000,All CUs,69305,2.5,27722,96.7
2007,Under 25,44566,2.0,22283,54.8
2007,25-34,71878,2.8,25671,88.3
2007,35-44,89162,3.2,27863,109.6
2007,45-54,88249,2.7,32685,108.5
2007,55-64,81373,2.1,38749,100.0
2007,65-74,63938,1.8,35521,78.6
2007,75+,46014,1.5,30676,56.5
2007,65+,55266,1.7,32510,67.9
2007,All CUs,75098,2.5,30039,92.3
2019,Under 25,48212,1.9,25375,56.5
2019,25-34,70096,2.7,25961,82.2
2019,35-44,91889,3.4,27026,107.8
2019,45-54,94915,2.9,32729,111.3
2019,55-64,85269,2.2,38758,100.0
2019,65-74,67591,1.9,35574,79.3
2019,75+,53525,1.6,33453,62.8
2019,65+,61620,1.7,36247,72.3
2019,All CUs,77345,2.5,30938,90.7
2024,Under 25,47283,1.9,24886,55.7
2024,25-34,74475,2.6,28644,87.7
2024,35-44,91229,3.3,27645,107.4
2024,45-54,100327,3.0,33442,118.1
2024,55-64,84946,2.2,38612,100.0
2024,65-74,65354,1.9,34397,76.9
2024,75+,55834,1.6,34896,65.7
2024,65+,61432,1.8,34129,72.3
2024,All CUs,78535,2.4,32723,92.5
